timestamp,node,ct0_bdmap,ct1_bdmap,organ,mode,dice,saved_path
2026-07-14T10:34:45,gpu313_541234,BDMAP_00062404,BDMAP_00062966,duodenum,fallback_zero,0.000000,/scratch/rpinise1/EvoTumor/Residuals/transforms/BDMAP_00062966_to_BDMAP_00062404_duodenum.h5
2026-07-14T10:36:07,gpu313_541234,BDMAP_00040610,BDMAP_00069563,prostate,fallback_zero,0.000000,/scratch/rpinise1/EvoTumor/Residuals/transforms/BDMAP_00069563_to_BDMAP_00040610_prostate.h5
2026-07-14T10:36:53,gpu313_541234,BDMAP_00060861,BDMAP_00061687,prostate,fallback_zero,0.000000,/scratch/rpinise1/EvoTumor/Residuals/transforms/BDMAP_00061687_to_BDMAP_00060861_prostate.h5
2026-07-14T10:37:21,gpu313_541234,BDMAP_00062166,BDMAP_00061885,duodenum,fallback_zero,0.000000,/scratch/rpinise1/EvoTumor/Residuals/transforms/BDMAP_00061885_to_BDMAP_00062166_duodenum.h5
2026-07-14T10:38:53,gpu313_541234,BDMAP_00061856,BDMAP_00039588,duodenum,fallback_zero,0.000000,/scratch/rpinise1/EvoTumor/Residuals/transforms/BDMAP_00039588_to_BDMAP_00061856_duodenum.h5
2026-07-14T10:39:53,gpu313_541234,BDMAP_00182444,BDMAP_00180709,esophagus,fallback_zero,0.000000,/scratch/rpinise1/EvoTumor/Residuals/transforms/BDMAP_00180709_to_BDMAP_00182444_esophagus.h5
2026-07-14T10:42:18,gpu313_541234,BDMAP_00178329,BDMAP_00180709,uterus,fallback_zero,0.000000,/scratch/rpinise1/EvoTumor/Residuals/transforms/BDMAP_00180709_to_BDMAP_00178329_uterus.h5
2026-07-14T10:43:54,gpu313_541234,BDMAP_00044895,BDMAP_00040565,esophagus,fallback_zero,0.000000,/scratch/rpinise1/EvoTumor/Residuals/transforms/BDMAP_00040565_to_BDMAP_00044895_esophagus.h5
2026-07-14T10:46:12,gpu313_541234,BDMAP_00062056,BDMAP_00062966,duodenum,fallback_zero,0.000000,/scratch/rpinise1/EvoTumor/Residuals/transforms/BDMAP_00062966_to_BDMAP_00062056_duodenum.h5
2026-07-14T10:46:38,gpu313_541234,BDMAP_00038090,BDMAP_00133259,spleen,fallback_zero,0.000000,/scratch/rpinise1/EvoTumor/Residuals/transforms/BDMAP_00133259_to_BDMAP_00038090_spleen.h5
2026-07-14T10:47:44,gpu313_541234,BDMAP_00059196,BDMAP_00038749,stomach,fallback_zero,0.000000,/scratch/rpinise1/EvoTumor/Residuals/transforms/BDMAP_00038749_to_BDMAP_00059196_stomach.h5
2026-07-14T10:48:22,gpu313_541234,BDMAP_00069443,BDMAP_00069528,gallbladder,fallback_zero,0.000000,/scratch/rpinise1/EvoTumor/Residuals/transforms/BDMAP_00069528_to_BDMAP_00069443_gallbladder.h5
2026-07-14T10:49:10,gpu313_541234,BDMAP_00061219,BDMAP_00062017,prostate,fallback_zero,0.000000,/scratch/rpinise1/EvoTumor/Residuals/transforms/BDMAP_00062017_to_BDMAP_00061219_prostate.h5
2026-07-14T10:49:47,gpu313_541234,BDMAP_00069231,BDMAP_00056483,gallbladder,fallback_zero,0.000000,/scratch/rpinise1/EvoTumor/Residuals/transforms/BDMAP_00056483_to_BDMAP_00069231_gallbladder.h5
2026-07-14T10:51:01,gpu313_541234,BDMAP_00061885,BDMAP_00062166,duodenum,fallback_zero,0.000000,/scratch/rpinise1/EvoTumor/Residuals/transforms/BDMAP_00062166_to_BDMAP_00061885_duodenum.h5
2026-07-14T10:51:25,gpu313_541234,BDMAP_00056483,BDMAP_00069443,gallbladder,fallback_zero,0.000000,/scratch/rpinise1/EvoTumor/Residuals/transforms/BDMAP_00069443_to_BDMAP_00056483_gallbladder.h5
2026-07-14T10:52:53,gpu313_541234,BDMAP_00184032,BDMAP_00167525,stomach,fallback_zero,0.000000,/scratch/rpinise1/EvoTumor/Residuals/transforms/BDMAP_00167525_to_BDMAP_00184032_stomach.h5
2026-07-14T10:54:36,gpu313_541234,BDMAP_00063022,BDMAP_00044126,duodenum,fallback_zero,0.000000,/scratch/rpinise1/EvoTumor/Residuals/transforms/BDMAP_00044126_to_BDMAP_00063022_duodenum.h5
2026-07-14T10:55:15,gpu313_541234,BDMAP_00056305,BDMAP_00040739,gallbladder,fallback_zero,0.000000,/scratch/rpinise1/EvoTumor/Residuals/transforms/BDMAP_00040739_to_BDMAP_00056305_gallbladder.h5
2026-07-14T10:56:03,gpu313_541234,BDMAP_00069219,BDMAP_00056768,gallbladder,fallback_zero,0.000000,/scratch/rpinise1/EvoTumor/Residuals/transforms/BDMAP_00056768_to_BDMAP_00069219_gallbladder.h5
2026-07-14T10:58:24,gpu313_541234,BDMAP_00061907,BDMAP_00061652,prostate,fallback_zero,0.000000,/scratch/rpinise1/EvoTumor/Residuals/transforms/BDMAP_00061652_to_BDMAP_00061907_prostate.h5
2026-07-14T10:58:52,gpu313_541234,BDMAP_00093149,BDMAP_00061481,prostate,fallback_zero,0.000000,/scratch/rpinise1/EvoTumor/Residuals/transforms/BDMAP_00061481_to_BDMAP_00093149_prostate.h5
2026-07-14T10:59:25,gpu313_541234,BDMAP_00178379,BDMAP_00184914,spleen,fallback_zero,0.000000,/scratch/rpinise1/EvoTumor/Residuals/transforms/BDMAP_00184914_to_BDMAP_00178379_spleen.h5
2026-07-14T11:03:01,gpu313_541234,BDMAP_00079644,BDMAP_00061529,prostate,fallback_zero,0.000000,/scratch/rpinise1/EvoTumor/Residuals/transforms/BDMAP_00061529_to_BDMAP_00079644_prostate.h5
2026-07-14T11:03:55,gpu313_541234,BDMAP_00166738,BDMAP_00180686,prostate,fallback_zero,0.000000,/scratch/rpinise1/EvoTumor/Residuals/transforms/BDMAP_00180686_to_BDMAP_00166738_prostate.h5
2026-07-14T11:04:28,gpu313_541234,BDMAP_00176946,BDMAP_00182826,bladder,fallback_zero,0.000000,/scratch/rpinise1/EvoTumor/Residuals/transforms/BDMAP_00182826_to_BDMAP_00176946_bladder.h5
2026-07-14T11:07:04,gpu313_541234,BDMAP_00037994,BDMAP_00061678,prostate,fallback_zero,0.000000,/scratch/rpinise1/EvoTumor/Residuals/transforms/BDMAP_00061678_to_BDMAP_00037994_prostate.h5
2026-07-14T11:07:58,gpu313_541234,BDMAP_00069219,BDMAP_00069404,gallbladder,fallback_zero,0.000000,/scratch/rpinise1/EvoTumor/Residuals/transforms/BDMAP_00069404_to_BDMAP_00069219_gallbladder.h5
2026-07-14T11:08:33,gpu313_541234,BDMAP_00182253,BDMAP_00172625,spleen,fallback_zero,0.000000,/scratch/rpinise1/EvoTumor/Residuals/transforms/BDMAP_00172625_to_BDMAP_00182253_spleen.h5
2026-07-14T11:10:55,gpu313_541234,BDMAP_00069116,BDMAP_00069404,gallbladder,fallback_zero,0.000000,/scratch/rpinise1/EvoTumor/Residuals/transforms/BDMAP_00069404_to_BDMAP_00069116_gallbladder.h5
2026-07-14T11:14:07,gpu313_541234,BDMAP_00177420,BDMAP_00168781,bladder,fallback_zero,0.000000,/scratch/rpinise1/EvoTumor/Residuals/transforms/BDMAP_00168781_to_BDMAP_00177420_bladder.h5
2026-07-14T11:15:57,gpu313_541234,BDMAP_00056879,BDMAP_00069392,gallbladder,fallback_zero,0.000000,/scratch/rpinise1/EvoTumor/Residuals/transforms/BDMAP_00069392_to_BDMAP_00056879_gallbladder.h5
2026-07-14T11:16:18,gpu313_541234,BDMAP_00167525,BDMAP_00184452,stomach,fallback_zero,0.000000,/scratch/rpinise1/EvoTumor/Residuals/transforms/BDMAP_00184452_to_BDMAP_00167525_stomach.h5
2026-07-14T11:17:14,gpu313_541234,BDMAP_00061856,BDMAP_00061885,duodenum,fallback_zero,0.000000,/scratch/rpinise1/EvoTumor/Residuals/transforms/BDMAP_00061885_to_BDMAP_00061856_duodenum.h5
2026-07-14T11:17:50,gpu313_541234,BDMAP_00068977,BDMAP_00042486,gallbladder,fallback_zero,0.000000,/scratch/rpinise1/EvoTumor/Residuals/transforms/BDMAP_00042486_to_BDMAP_00068977_gallbladder.h5
2026-07-14T11:19:01,gpu313_541234,BDMAP_00167525,BDMAP_00177171,uterus,fallback_zero,0.000000,/scratch/rpinise1/EvoTumor/Residuals/transforms/BDMAP_00177171_to_BDMAP_00167525_uterus.h5
2026-07-14T11:19:45,gpu313_541234,BDMAP_00069404,BDMAP_00069116,gallbladder,fallback_zero,0.000000,/scratch/rpinise1/EvoTumor/Residuals/transforms/BDMAP_00069116_to_BDMAP_00069404_gallbladder.h5
2026-07-14T11:23:47,gpu313_541234,BDMAP_00069116,BDMAP_00056768,gallbladder,fallback_zero,0.000000,/scratch/rpinise1/EvoTumor/Residuals/transforms/BDMAP_00056768_to_BDMAP_00069116_gallbladder.h5
2026-07-14T11:24:43,gpu313_541234,BDMAP_00057284,BDMAP_00056878,gallbladder,fallback_zero,0.000000,/scratch/rpinise1/EvoTumor/Residuals/transforms/BDMAP_00056878_to_BDMAP_00057284_gallbladder.h5
2026-07-14T11:26:02,gpu313_541234,BDMAP_00167525,BDMAP_00177171,stomach,fallback_zero,0.000000,/scratch/rpinise1/EvoTumor/Residuals/transforms/BDMAP_00177171_to_BDMAP_00167525_stomach.h5
2026-07-14T11:28:26,gpu313_541234,BDMAP_00067549,BDMAP_00054984,bladder,fallback_zero,0.000000,/scratch/rpinise1/EvoTumor/Residuals/transforms/BDMAP_00054984_to_BDMAP_00067549_bladder.h5
2026-07-14T11:30:36,gpu313_541234,BDMAP_00177171,BDMAP_00167525,uterus,fallback_zero,0.000000,/scratch/rpinise1/EvoTumor/Residuals/transforms/BDMAP_00167525_to_BDMAP_00177171_uterus.h5
2026-07-14T11:33:31,gpu313_541234,BDMAP_00173923,BDMAP_00167373,uterus,fallback_zero,0.000000,/scratch/rpinise1/EvoTumor/Residuals/transforms/BDMAP_00167373_to_BDMAP_00173923_uterus.h5
2026-07-14T11:34:05,gpu313_541234,BDMAP_00184032,BDMAP_00177171,uterus,fallback_zero,0.000000,/scratch/rpinise1/EvoTumor/Residuals/transforms/BDMAP_00177171_to_BDMAP_00184032_uterus.h5
2026-07-14T11:34:55,gpu313_541234,BDMAP_00062404,BDMAP_00062056,duodenum,fallback_zero,0.000000,/scratch/rpinise1/EvoTumor/Residuals/transforms/BDMAP_00062056_to_BDMAP_00062404_duodenum.h5
2026-07-14T11:36:25,gpu313_541234,BDMAP_00040739,BDMAP_00069443,gallbladder,fallback_zero,0.000000,/scratch/rpinise1/EvoTumor/Residuals/transforms/BDMAP_00069443_to_BDMAP_00040739_gallbladder.h5
2026-07-14T11:37:24,gpu313_541234,BDMAP_00133259,BDMAP_00038090,spleen,fallback_zero,0.000000,/scratch/rpinise1/EvoTumor/Residuals/transforms/BDMAP_00038090_to_BDMAP_00133259_spleen.h5
2026-07-14T11:40:28,gpu313_541234,BDMAP_00069443,BDMAP_00040739,gallbladder,fallback_zero,0.000000,/scratch/rpinise1/EvoTumor/Residuals/transforms/BDMAP_00040739_to_BDMAP_00069443_gallbladder.h5
2026-07-14T11:41:10,gpu313_541234,BDMAP_00061864,BDMAP_00037994,prostate,fallback_zero,0.000000,/scratch/rpinise1/EvoTumor/Residuals/transforms/BDMAP_00037994_to_BDMAP_00061864_prostate.h5
2026-07-14T11:41:31,gpu313_541234,BDMAP_00069443,BDMAP_00069426,gallbladder,fallback_zero,0.000000,/scratch/rpinise1/EvoTumor/Residuals/transforms/BDMAP_00069426_to_BDMAP_00069443_gallbladder.h5
2026-07-14T11:42:48,gpu313_541234,BDMAP_00042486,BDMAP_00068977,gallbladder,fallback_zero,0.000000,/scratch/rpinise1/EvoTumor/Residuals/transforms/BDMAP_00068977_to_BDMAP_00042486_gallbladder.h5
2026-07-14T11:44:39,gpu313_541234,BDMAP_00058431,BDMAP_00070443,stomach,fallback_zero,0.000000,/scratch/rpinise1/EvoTumor/Residuals/transforms/BDMAP_00070443_to_BDMAP_00058431_stomach.h5
2026-07-14T11:48:33,gpu313_541234,BDMAP_00070344,BDMAP_00070443,stomach,fallback_zero,0.000000,/scratch/rpinise1/EvoTumor/Residuals/transforms/BDMAP_00070443_to_BDMAP_00070344_stomach.h5
2026-07-14T11:49:06,gpu313_541234,BDMAP_00180686,BDMAP_00166738,prostate,fallback_zero,0.000000,/scratch/rpinise1/EvoTumor/Residuals/transforms/BDMAP_00166738_to_BDMAP_00180686_prostate.h5
2026-07-14T11:50:19,gpu313_541234,BDMAP_00069231,BDMAP_00069426,gallbladder,fallback_zero,0.000000,/scratch/rpinise1/EvoTumor/Residuals/transforms/BDMAP_00069426_to_BDMAP_00069231_gallbladder.h5
2026-07-14T11:51:38,gpu313_541234,BDMAP_00062017,BDMAP_00061219,prostate,fallback_zero,0.000000,/scratch/rpinise1/EvoTumor/Residuals/transforms/BDMAP_00061219_to_BDMAP_00062017_prostate.h5
2026-07-14T11:52:49,gpu313_541234,BDMAP_00168781,BDMAP_00178697,bladder,fallback_zero,0.000000,/scratch/rpinise1/EvoTumor/Residuals/transforms/BDMAP_00178697_to_BDMAP_00168781_bladder.h5
2026-07-14T11:55:02,gpu313_541234,BDMAP_00070443,BDMAP_00058431,stomach,fallback_zero,0.000000,/scratch/rpinise1/EvoTumor/Residuals/transforms/BDMAP_00058431_to_BDMAP_00070443_stomach.h5
2026-07-14T11:55:43,gpu313_541234,BDMAP_00069404,BDMAP_00069219,gallbladder,fallback_zero,0.000000,/scratch/rpinise1/EvoTumor/Residuals/transforms/BDMAP_00069219_to_BDMAP_00069404_gallbladder.h5
2026-07-14T11:56:51,gpu313_541234,BDMAP_00093149,BDMAP_00100106,prostate,fallback_zero,0.000000,/scratch/rpinise1/EvoTumor/Residuals/transforms/BDMAP_00100106_to_BDMAP_00093149_prostate.h5
2026-07-14T11:57:56,gpu313_541234,BDMAP_00182444,BDMAP_00178329,uterus,fallback_zero,0.000000,/scratch/rpinise1/EvoTumor/Residuals/transforms/BDMAP_00178329_to_BDMAP_00182444_uterus.h5
2026-07-14T12:00:50,gpu313_541234,BDMAP_00172958,BDMAP_00177633,gallbladder,fallback_zero,0.000000,/scratch/rpinise1/EvoTumor/Residuals/transforms/BDMAP_00177633_to_BDMAP_00172958_gallbladder.h5
2026-07-14T12:02:29,gpu313_541234,BDMAP_00069073,BDMAP_00069313,gallbladder,fallback_zero,0.000000,/scratch/rpinise1/EvoTumor/Residuals/transforms/BDMAP_00069313_to_BDMAP_00069073_gallbladder.h5
2026-07-14T12:03:00,gpu313_541234,BDMAP_00062056,BDMAP_00062404,duodenum,fallback_zero,0.000000,/scratch/rpinise1/EvoTumor/Residuals/transforms/BDMAP_00062404_to_BDMAP_00062056_duodenum.h5
2026-07-14T12:03:32,gpu313_541234,BDMAP_00061885,BDMAP_00061856,duodenum,fallback_zero,0.000000,/scratch/rpinise1/EvoTumor/Residuals/transforms/BDMAP_00061856_to_BDMAP_00061885_duodenum.h5
2026-07-14T12:04:10,gpu313_541234,BDMAP_00062152,BDMAP_00036810,duodenum,fallback_zero,0.000000,/scratch/rpinise1/EvoTumor/Residuals/transforms/BDMAP_00036810_to_BDMAP_00062152_duodenum.h5
2026-07-14T12:05:04,gpu313_541234,BDMAP_00168781,BDMAP_00177420,bladder,fallback_zero,0.000000,/scratch/rpinise1/EvoTumor/Residuals/transforms/BDMAP_00177420_to_BDMAP_00168781_bladder.h5
2026-07-14T12:05:28,gpu313_541234,BDMAP_00069392,BDMAP_00056879,gallbladder,fallback_zero,0.000000,/scratch/rpinise1/EvoTumor/Residuals/transforms/BDMAP_00056879_to_BDMAP_00069392_gallbladder.h5
2026-07-14T12:06:11,gpu313_541234,BDMAP_00056768,BDMAP_00069219,gallbladder,fallback_zero,0.000000,/scratch/rpinise1/EvoTumor/Residuals/transforms/BDMAP_00069219_to_BDMAP_00056768_gallbladder.h5
2026-07-14T12:07:02,gpu313_541234,BDMAP_00038090,BDMAP_00132926,spleen,fallback_zero,0.000000,/scratch/rpinise1/EvoTumor/Residuals/transforms/BDMAP_00132926_to_BDMAP_00038090_spleen.h5
2026-07-14T12:10:01,gpu313_541234,BDMAP_00042737,BDMAP_00059234,stomach,fallback_zero,0.000000,/scratch/rpinise1/EvoTumor/Residuals/transforms/BDMAP_00059234_to_BDMAP_00042737_stomach.h5
2026-07-14T12:10:48,gpu313_541234,BDMAP_00168853,BDMAP_00180040,bladder,fallback_zero,0.000000,/scratch/rpinise1/EvoTumor/Residuals/transforms/BDMAP_00180040_to_BDMAP_00168853_bladder.h5
2026-07-14T12:12:28,gpu313_541234,BDMAP_00180040,BDMAP_00168853,bladder,fallback_zero,0.000000,/scratch/rpinise1/EvoTumor/Residuals/transforms/BDMAP_00168853_to_BDMAP_00180040_bladder.h5
2026-07-14T12:13:59,gpu313_541234,BDMAP_00069443,BDMAP_00056305,gallbladder,fallback_zero,0.000000,/scratch/rpinise1/EvoTumor/Residuals/transforms/BDMAP_00056305_to_BDMAP_00069443_gallbladder.h5
2026-07-14T12:15:57,gpu313_541234,BDMAP_00061481,BDMAP_00093149,prostate,fallback_zero,0.000000,/scratch/rpinise1/EvoTumor/Residuals/transforms/BDMAP_00093149_to_BDMAP_00061481_prostate.h5
2026-07-14T12:16:29,gpu313_541234,BDMAP_00052028,BDMAP_00052931,spleen,fallback_zero,0.000000,/scratch/rpinise1/EvoTumor/Residuals/transforms/BDMAP_00052931_to_BDMAP_00052028_spleen.h5
2026-07-14T12:17:31,gpu313_541234,BDMAP_00060992,BDMAP_00036555,prostate,fallback_zero,0.000000,/scratch/rpinise1/EvoTumor/Residuals/transforms/BDMAP_00036555_to_BDMAP_00060992_prostate.h5
2026-07-14T12:19:47,gpu313_541234,BDMAP_00042486,BDMAP_00069247,gallbladder,fallback_zero,0.000000,/scratch/rpinise1/EvoTumor/Residuals/transforms/BDMAP_00069247_to_BDMAP_00042486_gallbladder.h5
2026-07-14T12:21:24,gpu313_541234,BDMAP_00061687,BDMAP_00060861,prostate,fallback_zero,0.000000,/scratch/rpinise1/EvoTumor/Residuals/transforms/BDMAP_00060861_to_BDMAP_00061687_prostate.h5
2026-07-14T12:23:14,gpu313_541234,BDMAP_00182444,BDMAP_00180709,uterus,fallback_zero,0.000000,/scratch/rpinise1/EvoTumor/Residuals/transforms/BDMAP_00180709_to_BDMAP_00182444_uterus.h5
2026-07-14T12:24:28,gpu313_541234,BDMAP_00178697,BDMAP_00168781,bladder,fallback_zero,0.000000,/scratch/rpinise1/EvoTumor/Residuals/transforms/BDMAP_00168781_to_BDMAP_00178697_bladder.h5
2026-07-14T12:25:15,gpu313_541234,BDMAP_00062966,BDMAP_00062056,duodenum,fallback_zero,0.000000,/scratch/rpinise1/EvoTumor/Residuals/transforms/BDMAP_00062056_to_BDMAP_00062966_duodenum.h5
2026-07-14T12:25:34,gpu313_541234,BDMAP_00180709,BDMAP_00178329,esophagus,fallback_zero,0.000000,/scratch/rpinise1/EvoTumor/Residuals/transforms/BDMAP_00178329_to_BDMAP_00180709_esophagus.h5
2026-07-14T12:27:18,gpu313_541234,BDMAP_00045474,BDMAP_00061843,duodenum,fallback_zero,0.000000,/scratch/rpinise1/EvoTumor/Residuals/transforms/BDMAP_00061843_to_BDMAP_00045474_duodenum.h5
2026-07-14T12:27:40,gpu313_541234,BDMAP_00044126,BDMAP_00063022,duodenum,fallback_zero,0.000000,/scratch/rpinise1/EvoTumor/Residuals/transforms/BDMAP_00063022_to_BDMAP_00044126_duodenum.h5
2026-07-14T12:29:14,gpu313_541234,BDMAP_00100106,BDMAP_00093149,prostate,fallback_zero,0.000000,/scratch/rpinise1/EvoTumor/Residuals/transforms/BDMAP_00093149_to_BDMAP_00100106_prostate.h5
2026-07-14T12:30:56,gpu313_541234,BDMAP_00177171,BDMAP_00184032,uterus,fallback_zero,0.000000,/scratch/rpinise1/EvoTumor/Residuals/transforms/BDMAP_00184032_to_BDMAP_00177171_uterus.h5
2026-07-14T12:33:55,gpu313_541234,BDMAP_00061678,BDMAP_00037994,prostate,fallback_zero,0.000000,/scratch/rpinise1/EvoTumor/Residuals/transforms/BDMAP_00037994_to_BDMAP_00061678_prostate.h5
2026-07-14T12:34:27,gpu313_541234,BDMAP_00038439,BDMAP_00043692,spleen,fallback_zero,0.000000,/scratch/rpinise1/EvoTumor/Residuals/transforms/BDMAP_00043692_to_BDMAP_00038439_spleen.h5
2026-07-14T12:36:47,gpu313_541234,BDMAP_00042098,BDMAP_00040703,uterus,fallback_zero,0.000000,/scratch/rpinise1/EvoTumor/Residuals/transforms/BDMAP_00040703_to_BDMAP_00042098_uterus.h5
2026-07-14T12:37:06,gpu313_541234,BDMAP_00180709,BDMAP_00182444,uterus,fallback_zero,0.000000,/scratch/rpinise1/EvoTumor/Residuals/transforms/BDMAP_00182444_to_BDMAP_00180709_uterus.h5
2026-07-14T12:37:58,gpu313_541234,BDMAP_00070443,BDMAP_00070344,stomach,fallback_zero,0.000000,/scratch/rpinise1/EvoTumor/Residuals/transforms/BDMAP_00070344_to_BDMAP_00070443_stomach.h5
2026-07-14T12:38:19,gpu313_541234,BDMAP_00177171,BDMAP_00167525,stomach,fallback_zero,0.000000,/scratch/rpinise1/EvoTumor/Residuals/transforms/BDMAP_00167525_to_BDMAP_00177171_stomach.h5
2026-07-14T12:39:13,gpu313_541234,BDMAP_00069247,BDMAP_00042486,gallbladder,fallback_zero,0.000000,/scratch/rpinise1/EvoTumor/Residuals/transforms/BDMAP_00042486_to_BDMAP_00069247_gallbladder.h5
2026-07-14T12:41:05,gpu313_541234,BDMAP_00174154,BDMAP_00184914,spleen,fallback_zero,0.000000,/scratch/rpinise1/EvoTumor/Residuals/transforms/BDMAP_00184914_to_BDMAP_00174154_spleen.h5
2026-07-14T12:41:57,gpu313_541234,BDMAP_00040565,BDMAP_00044895,esophagus,fallback_zero,0.000000,/scratch/rpinise1/EvoTumor/Residuals/transforms/BDMAP_00044895_to_BDMAP_00040565_esophagus.h5
2026-07-14T12:43:26,gpu313_541234,BDMAP_00040739,BDMAP_00069231,gallbladder,fallback_zero,0.000000,/scratch/rpinise1/EvoTumor/Residuals/transforms/BDMAP_00069231_to_BDMAP_00040739_gallbladder.h5
2026-07-14T12:44:31,gpu313_541234,BDMAP_00039588,BDMAP_00061885,duodenum,fallback_zero,0.000000,/scratch/rpinise1/EvoTumor/Residuals/transforms/BDMAP_00061885_to_BDMAP_00039588_duodenum.h5
2026-07-14T12:45:03,gpu313_541234,BDMAP_00061856,BDMAP_00062166,duodenum,fallback_zero,0.000000,/scratch/rpinise1/EvoTumor/Residuals/transforms/BDMAP_00062166_to_BDMAP_00061856_duodenum.h5
2026-07-14T12:45:39,gpu313_541234,BDMAP_00056768,BDMAP_00069116,gallbladder,fallback_zero,0.000000,/scratch/rpinise1/EvoTumor/Residuals/transforms/BDMAP_00069116_to_BDMAP_00056768_gallbladder.h5
2026-07-14T12:46:29,gpu313_541234,BDMAP_00184175,BDMAP_00184852,stomach,fallback_zero,0.000000,/scratch/rpinise1/EvoTumor/Residuals/transforms/BDMAP_00184852_to_BDMAP_00184175_stomach.h5
2026-07-14T12:48:27,gpu313_541234,BDMAP_00166672,BDMAP_00173437,stomach,fallback_zero,0.000000,/scratch/rpinise1/EvoTumor/Residuals/transforms/BDMAP_00173437_to_BDMAP_00166672_stomach.h5
2026-07-14T12:48:50,gpu313_541234,BDMAP_00069443,BDMAP_00056483,gallbladder,fallback_zero,0.000000,/scratch/rpinise1/EvoTumor/Residuals/transforms/BDMAP_00056483_to_BDMAP_00069443_gallbladder.h5
2026-07-14T12:49:19,gpu313_541234,BDMAP_00036555,BDMAP_00060992,prostate,fallback_zero,0.000000,/scratch/rpinise1/EvoTumor/Residuals/transforms/BDMAP_00060992_to_BDMAP_00036555_prostate.h5
2026-07-14T12:49:45,gpu313_541234,BDMAP_00184914,BDMAP_00178379,spleen,fallback_zero,0.000000,/scratch/rpinise1/EvoTumor/Residuals/transforms/BDMAP_00178379_to_BDMAP_00184914_spleen.h5
2026-07-14T12:50:00,gpu313_541234,BDMAP_00069231,BDMAP_00040739,gallbladder,fallback_zero,0.000000,/scratch/rpinise1/EvoTumor/Residuals/transforms/BDMAP_00040739_to_BDMAP_00069231_gallbladder.h5
2026-07-14T12:50:48,gpu313_541234,BDMAP_00069313,BDMAP_00069073,gallbladder,fallback_zero,0.000000,/scratch/rpinise1/EvoTumor/Residuals/transforms/BDMAP_00069073_to_BDMAP_00069313_gallbladder.h5
2026-07-14T12:51:29,gpu313_541234,BDMAP_00061843,BDMAP_00045474,duodenum,fallback_zero,0.000000,/scratch/rpinise1/EvoTumor/Residuals/transforms/BDMAP_00045474_to_BDMAP_00061843_duodenum.h5
2026-07-14T12:52:13,gpu313_541234,BDMAP_00056878,BDMAP_00057284,gallbladder,fallback_zero,0.000000,/scratch/rpinise1/EvoTumor/Residuals/transforms/BDMAP_00057284_to_BDMAP_00056878_gallbladder.h5
2026-07-14T12:52:35,gpu313_541234,BDMAP_00044126,BDMAP_00062306,duodenum,fallback_zero,0.000000,/scratch/rpinise1/EvoTumor/Residuals/transforms/BDMAP_00062306_to_BDMAP_00044126_duodenum.h5
2026-07-14T12:53:44,gpu313_541234,BDMAP_00062400,BDMAP_00061429,prostate,fallback_zero,0.000000,/scratch/rpinise1/EvoTumor/Residuals/transforms/BDMAP_00061429_to_BDMAP_00062400_prostate.h5
2026-07-14T12:54:49,gpu313_541234,BDMAP_00182826,BDMAP_00176946,bladder,fallback_zero,0.000000,/scratch/rpinise1/EvoTumor/Residuals/transforms/BDMAP_00176946_to_BDMAP_00182826_bladder.h5
2026-07-14T12:55:09,gpu313_541234,BDMAP_00178329,BDMAP_00182444,uterus,fallback_zero,0.000000,/scratch/rpinise1/EvoTumor/Residuals/transforms/BDMAP_00182444_to_BDMAP_00178329_uterus.h5
2026-07-14T12:56:38,gpu313_541234,BDMAP_00061529,BDMAP_00079644,prostate,fallback_zero,0.000000,/scratch/rpinise1/EvoTumor/Residuals/transforms/BDMAP_00079644_to_BDMAP_00061529_prostate.h5
2026-07-14T12:57:44,gpu313_541234,BDMAP_00037994,BDMAP_00061864,prostate,fallback_zero,0.000000,/scratch/rpinise1/EvoTumor/Residuals/transforms/BDMAP_00061864_to_BDMAP_00037994_prostate.h5
2026-07-14T12:58:57,gpu313_541234,BDMAP_00039588,BDMAP_00061856,duodenum,fallback_zero,0.000000,/scratch/rpinise1/EvoTumor/Residuals/transforms/BDMAP_00061856_to_BDMAP_00039588_duodenum.h5
2026-07-14T13:00:25,gpu313_541234,BDMAP_00038749,BDMAP_00059196,stomach,fallback_zero,0.000000,/scratch/rpinise1/EvoTumor/Residuals/transforms/BDMAP_00059196_to_BDMAP_00038749_stomach.h5
2026-07-14T13:00:50,gpu313_541234,BDMAP_00172625,BDMAP_00182253,spleen,fallback_zero,0.000000,/scratch/rpinise1/EvoTumor/Residuals/transforms/BDMAP_00182253_to_BDMAP_00172625_spleen.h5
2026-07-14T13:02:06,gpu313_541234,BDMAP_00038762,BDMAP_00092859,colon,fallback_zero,0.000000,/scratch/rpinise1/EvoTumor/Residuals/transforms/BDMAP_00092859_to_BDMAP_00038762_colon.h5
2026-07-14T13:03:19,gpu313_541234,BDMAP_00059234,BDMAP_00042737,stomach,fallback_zero,0.000000,/scratch/rpinise1/EvoTumor/Residuals/transforms/BDMAP_00042737_to_BDMAP_00059234_stomach.h5
2026-07-14T13:04:39,gpu313_541234,BDMAP_00069426,BDMAP_00069443,gallbladder,fallback_zero,0.000000,/scratch/rpinise1/EvoTumor/Residuals/transforms/BDMAP_00069443_to_BDMAP_00069426_gallbladder.h5
2026-07-14T13:06:20,gpu313_541234,BDMAP_00070344,BDMAP_00058431,stomach,fallback_zero,0.000000,/scratch/rpinise1/EvoTumor/Residuals/transforms/BDMAP_00058431_to_BDMAP_00070344_stomach.h5
2026-07-14T13:07:27,gpu313_541234,BDMAP_00177633,BDMAP_00172958,gallbladder,fallback_zero,0.000000,/scratch/rpinise1/EvoTumor/Residuals/transforms/BDMAP_00172958_to_BDMAP_00177633_gallbladder.h5
2026-07-14T13:09:40,gpu313_541234,BDMAP_00069231,BDMAP_00069528,gallbladder,fallback_zero,0.000000,/scratch/rpinise1/EvoTumor/Residuals/transforms/BDMAP_00069528_to_BDMAP_00069231_gallbladder.h5
2026-07-14T13:11:36,gpu313_541234,BDMAP_00062966,BDMAP_00062404,duodenum,fallback_zero,0.000000,/scratch/rpinise1/EvoTumor/Residuals/transforms/BDMAP_00062404_to_BDMAP_00062966_duodenum.h5
2026-07-14T13:12:36,gpu313_541234,BDMAP_00061652,BDMAP_00061907,prostate,fallback_zero,0.000000,/scratch/rpinise1/EvoTumor/Residuals/transforms/BDMAP_00061907_to_BDMAP_00061652_prostate.h5
2026-07-14T13:12:55,gpu313_541234,BDMAP_00062306,BDMAP_00044126,duodenum,fallback_zero,0.000000,/scratch/rpinise1/EvoTumor/Residuals/transforms/BDMAP_00044126_to_BDMAP_00062306_duodenum.h5
2026-07-14T13:13:11,gpu313_541234,BDMAP_00040739,BDMAP_00056305,gallbladder,fallback_zero,0.000000,/scratch/rpinise1/EvoTumor/Residuals/transforms/BDMAP_00056305_to_BDMAP_00040739_gallbladder.h5
2026-07-14T13:14:10,gpu313_541234,BDMAP_00173437,BDMAP_00166672,stomach,fallback_zero,0.000000,/scratch/rpinise1/EvoTumor/Residuals/transforms/BDMAP_00166672_to_BDMAP_00173437_stomach.h5
2026-07-14T13:17:07,gpu313_541234,BDMAP_00069528,BDMAP_00069443,gallbladder,fallback_zero,0.000000,/scratch/rpinise1/EvoTumor/Residuals/transforms/BDMAP_00069443_to_BDMAP_00069528_gallbladder.h5
2026-07-14T13:18:36,gpu313_541234,BDMAP_00180709,BDMAP_00178329,uterus,fallback_zero,0.000000,/scratch/rpinise1/EvoTumor/Residuals/transforms/BDMAP_00178329_to_BDMAP_00180709_uterus.h5
2026-07-14T13:18:56,gpu313_541234,BDMAP_00178329,BDMAP_00180709,esophagus,fallback_zero,0.000000,/scratch/rpinise1/EvoTumor/Residuals/transforms/BDMAP_00180709_to_BDMAP_00178329_esophagus.h5
2026-07-14T13:19:40,gpu313_541234,BDMAP_00039588,BDMAP_00062166,duodenum,fallback_zero,0.000000,/scratch/rpinise1/EvoTumor/Residuals/transforms/BDMAP_00062166_to_BDMAP_00039588_duodenum.h5
2026-07-14T13:20:01,gpu313_541234,BDMAP_00040703,BDMAP_00042098,uterus,fallback_zero,0.000000,/scratch/rpinise1/EvoTumor/Residuals/transforms/BDMAP_00042098_to_BDMAP_00040703_uterus.h5
2026-07-14T13:20:42,gpu313_541234,BDMAP_00052931,BDMAP_00052028,spleen,fallback_zero,0.000000,/scratch/rpinise1/EvoTumor/Residuals/transforms/BDMAP_00052028_to_BDMAP_00052931_spleen.h5
2026-07-14T13:21:32,gpu313_541234,BDMAP_00184852,BDMAP_00184175,stomach,fallback_zero,0.000000,/scratch/rpinise1/EvoTumor/Residuals/transforms/BDMAP_00184175_to_BDMAP_00184852_stomach.h5
2026-07-14T13:21:53,gpu313_541234,BDMAP_00167525,BDMAP_00184032,stomach,fallback_zero,0.000000,/scratch/rpinise1/EvoTumor/Residuals/transforms/BDMAP_00184032_to_BDMAP_00167525_stomach.h5
2026-07-14T13:24:32,gpu313_541234,BDMAP_00167373,BDMAP_00173923,uterus,fallback_zero,0.000000,/scratch/rpinise1/EvoTumor/Residuals/transforms/BDMAP_00173923_to_BDMAP_00167373_uterus.h5
2026-07-14T13:24:51,gpu313_541234,BDMAP_00184452,BDMAP_00167525,stomach,fallback_zero,0.000000,/scratch/rpinise1/EvoTumor/Residuals/transforms/BDMAP_00167525_to_BDMAP_00184452_stomach.h5
2026-07-14T13:26:45,gpu313_541234,BDMAP_00061429,BDMAP_00062400,prostate,fallback_zero,0.000000,/scratch/rpinise1/EvoTumor/Residuals/transforms/BDMAP_00062400_to_BDMAP_00061429_prostate.h5
2026-07-14T13:27:17,gpu313_541234,BDMAP_00036810,BDMAP_00062152,duodenum,fallback_zero,0.000000,/scratch/rpinise1/EvoTumor/Residuals/transforms/BDMAP_00062152_to_BDMAP_00036810_duodenum.h5
2026-07-14T13:27:52,gpu313_541234,BDMAP_00062166,BDMAP_00061856,duodenum,fallback_zero,0.000000,/scratch/rpinise1/EvoTumor/Residuals/transforms/BDMAP_00061856_to_BDMAP_00062166_duodenum.h5
2026-07-14T13:28:10,gpu313_541234,BDMAP_00069426,BDMAP_00069231,gallbladder,fallback_zero,0.000000,/scratch/rpinise1/EvoTumor/Residuals/transforms/BDMAP_00069231_to_BDMAP_00069426_gallbladder.h5
2026-07-14T13:28:38,gpu313_541234,BDMAP_00062166,BDMAP_00039588,duodenum,fallback_zero,0.000000,/scratch/rpinise1/EvoTumor/Residuals/transforms/BDMAP_00039588_to_BDMAP_00062166_duodenum.h5
2026-07-14T13:29:20,gpu313_541234,BDMAP_00058431,BDMAP_00070344,stomach,fallback_zero,0.000000,/scratch/rpinise1/EvoTumor/Residuals/transforms/BDMAP_00070344_to_BDMAP_00058431_stomach.h5
2026-07-14T13:30:23,gpu313_541234,BDMAP_00069563,BDMAP_00040610,prostate,fallback_zero,0.000000,/scratch/rpinise1/EvoTumor/Residuals/transforms/BDMAP_00040610_to_BDMAP_00069563_prostate.h5
2026-07-14T13:31:00,gpu313_541234,BDMAP_00092859,BDMAP_00038762,colon,fallback_zero,0.000000,/scratch/rpinise1/EvoTumor/Residuals/transforms/BDMAP_00038762_to_BDMAP_00092859_colon.h5
2026-07-14T13:31:55,gpu313_541234,BDMAP_00132926,BDMAP_00038090,spleen,fallback_zero,0.000000,/scratch/rpinise1/EvoTumor/Residuals/transforms/BDMAP_00038090_to_BDMAP_00132926_spleen.h5
2026-07-14T13:34:39,gpu313_541234,BDMAP_00180709,BDMAP_00182444,esophagus,fallback_zero,0.000000,/scratch/rpinise1/EvoTumor/Residuals/transforms/BDMAP_00182444_to_BDMAP_00180709_esophagus.h5
2026-07-14T13:36:07,gpu313_541234,BDMAP_00054984,BDMAP_00067549,bladder,fallback_zero,0.000000,/scratch/rpinise1/EvoTumor/Residuals/transforms/BDMAP_00067549_to_BDMAP_00054984_bladder.h5
2026-07-14T13:38:33,gpu313_541234,BDMAP_00061885,BDMAP_00039588,duodenum,fallback_zero,0.000000,/scratch/rpinise1/EvoTumor/Residuals/transforms/BDMAP_00039588_to_BDMAP_00061885_duodenum.h5
2026-07-14T13:39:24,gpu313_541234,BDMAP_00184914,BDMAP_00174154,spleen,fallback_zero,0.000000,/scratch/rpinise1/EvoTumor/Residuals/transforms/BDMAP_00174154_to_BDMAP_00184914_spleen.h5
2026-07-14T13:40:25,gpu313_541234,BDMAP_00043692,BDMAP_00038439,spleen,fallback_zero,0.000000,/scratch/rpinise1/EvoTumor/Residuals/transforms/BDMAP_00038439_to_BDMAP_00043692_spleen.h5
2026-07-14T10:34:17,gpu313_541234,BDMAP_00167524,BDMAP_00166911,bladder,mask,0.100417,/scratch/rpinise1/EvoTumor/Residuals/transforms/BDMAP_00166911_to_BDMAP_00167524_bladder.h5
2026-07-14T10:34:59,gpu313_541234,BDMAP_00063184,BDMAP_00062306,duodenum,mask,0.279225,/scratch/rpinise1/EvoTumor/Residuals/transforms/BDMAP_00062306_to_BDMAP_00063184_duodenum.h5
2026-07-14T10:35:22,gpu313_541234,BDMAP_00175436,BDMAP_00178403,duodenum,mask,0.432107,/scratch/rpinise1/EvoTumor/Residuals/transforms/BDMAP_00178403_to_BDMAP_00175436_duodenum.h5
2026-07-14T10:35:41,gpu313_541234,BDMAP_00133259,BDMAP_00132926,spleen,mask,0.622698,/scratch/rpinise1/EvoTumor/Residuals/transforms/BDMAP_00132926_to_BDMAP_00133259_spleen.h5
2026-07-14T10:36:21,gpu313_541234,BDMAP_00170231,BDMAP_00183713,gallbladder,mask,0.742025,/scratch/rpinise1/EvoTumor/Residuals/transforms/BDMAP_00183713_to_BDMAP_00170231_gallbladder.h5
2026-07-14T10:37:36,gpu313_541234,BDMAP_00069528,BDMAP_00040739,gallbladder,mask,0.023669,/scratch/rpinise1/EvoTumor/Residuals/transforms/BDMAP_00040739_to_BDMAP_00069528_gallbladder.h5
2026-07-14T10:38:02,gpu313_541234,BDMAP_00179106,BDMAP_00166029,bladder,mask,0.472483,/scratch/rpinise1/EvoTumor/Residuals/transforms/BDMAP_00166029_to_BDMAP_00179106_bladder.h5
2026-07-14T10:38:18,gpu313_541234,BDMAP_00037061,BDMAP_00062027,duodenum,mask,0.637448,/scratch/rpinise1/EvoTumor/Residuals/transforms/BDMAP_00062027_to_BDMAP_00037061_duodenum.h5
2026-07-14T10:39:14,gpu313_541234,BDMAP_00167373,BDMAP_00173923,gallbladder,mask,0.007402,/scratch/rpinise1/EvoTumor/Residuals/transforms/BDMAP_00173923_to_BDMAP_00167373_gallbladder.h5
2026-07-14T10:40:15,gpu313_541234,BDMAP_00180468,BDMAP_00185404,stomach,mask,0.767507,/scratch/rpinise1/EvoTumor/Residuals/transforms/BDMAP_00185404_to_BDMAP_00180468_stomach.h5
2026-07-14T10:40:28,gpu313_541234,BDMAP_00041971,BDMAP_00038607,uterus,mask,0.324079,/scratch/rpinise1/EvoTumor/Residuals/transforms/BDMAP_00038607_to_BDMAP_00041971_uterus.h5
2026-07-14T10:41:22,gpu313_541234,BDMAP_00180468,BDMAP_00178337,uterus,mask,0.841828,/scratch/rpinise1/EvoTumor/Residuals/transforms/BDMAP_00178337_to_BDMAP_00180468_uterus.h5
2026-07-14T10:41:41,gpu313_541234,BDMAP_00160737,BDMAP_00172832,gallbladder,mask,0.457323,/scratch/rpinise1/EvoTumor/Residuals/transforms/BDMAP_00172832_to_BDMAP_00160737_gallbladder.h5
2026-07-14T10:41:56,gpu313_541234,BDMAP_00039437,BDMAP_00039963,spleen,mask,0.393388,/scratch/rpinise1/EvoTumor/Residuals/transforms/BDMAP_00039963_to_BDMAP_00039437_spleen.h5
2026-07-14T10:42:38,gpu313_541234,BDMAP_00053601,BDMAP_00053598,spleen,mask,0.719443,/scratch/rpinise1/EvoTumor/Residuals/transforms/BDMAP_00053598_to_BDMAP_00053601_spleen.h5
2026-07-14T10:42:52,gpu313_541234,BDMAP_00042309,BDMAP_00151849,spleen,mask,0.701094,/scratch/rpinise1/EvoTumor/Residuals/transforms/BDMAP_00151849_to_BDMAP_00042309_spleen.h5
2026-07-14T10:43:06,gpu313_541234,BDMAP_00040739,BDMAP_00042099,gallbladder,mask,0.308094,/scratch/rpinise1/EvoTumor/Residuals/transforms/BDMAP_00042099_to_BDMAP_00040739_gallbladder.h5
2026-07-14T10:43:28,gpu313_541234,BDMAP_00069392,BDMAP_00068864,gallbladder,mask,0.005879,/scratch/rpinise1/EvoTumor/Residuals/transforms/BDMAP_00068864_to_BDMAP_00069392_gallbladder.h5
2026-07-14T10:44:10,gpu313_541234,BDMAP_00182444,BDMAP_00178329,esophagus,mask,0.606089,/scratch/rpinise1/EvoTumor/Residuals/transforms/BDMAP_00178329_to_BDMAP_00182444_esophagus.h5
2026-07-14T10:44:55,gpu313_541234,BDMAP_00168477,BDMAP_00179227,duodenum,mask,0.236121,/scratch/rpinise1/EvoTumor/Residuals/transforms/BDMAP_00179227_to_BDMAP_00168477_duodenum.h5
2026-07-14T10:45:16,gpu313_541234,BDMAP_00173865,BDMAP_00184636,stomach,mask,0.447195,/scratch/rpinise1/EvoTumor/Residuals/transforms/BDMAP_00184636_to_BDMAP_00173865_stomach.h5
2026-07-14T10:46:51,gpu313_541234,BDMAP_00040739,BDMAP_00069528,gallbladder,mask,0.091429,/scratch/rpinise1/EvoTumor/Residuals/transforms/BDMAP_00069528_to_BDMAP_00040739_gallbladder.h5
2026-07-14T10:47:14,gpu313_541234,BDMAP_00036233,BDMAP_00052291,spleen,mask,0.826928,/scratch/rpinise1/EvoTumor/Residuals/transforms/BDMAP_00052291_to_BDMAP_00036233_spleen.h5
2026-07-14T10:47:57,gpu313_541234,BDMAP_00063068,BDMAP_00036208,duodenum,mask,0.107856,/scratch/rpinise1/EvoTumor/Residuals/transforms/BDMAP_00036208_to_BDMAP_00063068_duodenum.h5
2026-07-14T10:48:48,gpu313_541234,BDMAP_00183760,BDMAP_00169477,spleen,mask,0.001911,/scratch/rpinise1/EvoTumor/Residuals/transforms/BDMAP_00169477_to_BDMAP_00183760_spleen.h5
2026-07-14T10:49:29,gpu313_541234,BDMAP_00167614,BDMAP_00169818,uterus,mask,0.874732,/scratch/rpinise1/EvoTumor/Residuals/transforms/BDMAP_00169818_to_BDMAP_00167614_uterus.h5
2026-07-14T10:50:08,gpu313_541234,BDMAP_00180686,BDMAP_00172796,prostate,mask,0.318367,/scratch/rpinise1/EvoTumor/Residuals/transforms/BDMAP_00172796_to_BDMAP_00180686_prostate.h5
2026-07-14T10:50:26,gpu313_541234,BDMAP_00058743,BDMAP_00058337,stomach,mask,0.687645,/scratch/rpinise1/EvoTumor/Residuals/transforms/BDMAP_00058337_to_BDMAP_00058743_stomach.h5
2026-07-14T10:51:49,gpu313_541234,BDMAP_00052291,BDMAP_00036233,spleen,mask,0.841299,/scratch/rpinise1/EvoTumor/Residuals/transforms/BDMAP_00036233_to_BDMAP_00052291_spleen.h5
2026-07-14T10:52:23,gpu313_541234,BDMAP_00052291,BDMAP_00135837,spleen,mask,0.156665,/scratch/rpinise1/EvoTumor/Residuals/transforms/BDMAP_00135837_to_BDMAP_00052291_spleen.h5
2026-07-14T10:53:07,gpu313_541234,BDMAP_00056483,BDMAP_00042099,gallbladder,mask,0.336599,/scratch/rpinise1/EvoTumor/Residuals/transforms/BDMAP_00042099_to_BDMAP_00056483_gallbladder.h5
2026-07-14T10:53:35,gpu313_541234,BDMAP_00175436,BDMAP_00185239,duodenum,mask,0.466749,/scratch/rpinise1/EvoTumor/Residuals/transforms/BDMAP_00185239_to_BDMAP_00175436_duodenum.h5
2026-07-14T10:54:06,gpu313_541234,BDMAP_00184971,BDMAP_00180468,stomach,mask,0.766725,/scratch/rpinise1/EvoTumor/Residuals/transforms/BDMAP_00180468_to_BDMAP_00184971_stomach.h5
2026-07-14T10:54:47,gpu313_541234,BDMAP_00056305,BDMAP_00069443,gallbladder,mask,0.009312,/scratch/rpinise1/EvoTumor/Residuals/transforms/BDMAP_00069443_to_BDMAP_00056305_gallbladder.h5
2026-07-14T10:54:58,gpu313_541234,BDMAP_00069219,BDMAP_00069116,gallbladder,mask,0.003589,/scratch/rpinise1/EvoTumor/Residuals/transforms/BDMAP_00069116_to_BDMAP_00069219_gallbladder.h5
2026-07-14T10:55:42,gpu313_541234,BDMAP_00174524,BDMAP_00167470,uterus,mask,0.770538,/scratch/rpinise1/EvoTumor/Residuals/transforms/BDMAP_00167470_to_BDMAP_00174524_uterus.h5
2026-07-14T10:56:18,gpu313_541234,BDMAP_00063224,BDMAP_00060916,prostate,mask,0.061352,/scratch/rpinise1/EvoTumor/Residuals/transforms/BDMAP_00060916_to_BDMAP_00063224_prostate.h5
2026-07-14T10:56:44,gpu313_541234,BDMAP_00177276,BDMAP_00168477,duodenum,mask,0.457797,/scratch/rpinise1/EvoTumor/Residuals/transforms/BDMAP_00168477_to_BDMAP_00177276_duodenum.h5
2026-07-14T10:57:13,gpu313_541234,BDMAP_00179874,BDMAP_00166029,bladder,mask,0.485942,/scratch/rpinise1/EvoTumor/Residuals/transforms/BDMAP_00166029_to_BDMAP_00179874_bladder.h5
2026-07-14T10:57:39,gpu313_541234,BDMAP_00128866,BDMAP_00127721,spleen,mask,0.017955,/scratch/rpinise1/EvoTumor/Residuals/transforms/BDMAP_00127721_to_BDMAP_00128866_spleen.h5
2026-07-14T11:00:01,gpu313_541234,BDMAP_00069426,BDMAP_00056483,gallbladder,mask,0.499221,/scratch/rpinise1/EvoTumor/Residuals/transforms/BDMAP_00056483_to_BDMAP_00069426_gallbladder.h5
2026-07-14T11:00:32,gpu313_541234,BDMAP_00036233,BDMAP_00135837,spleen,mask,0.157614,/scratch/rpinise1/EvoTumor/Residuals/transforms/BDMAP_00135837_to_BDMAP_00036233_spleen.h5
2026-07-14T11:01:20,gpu313_541234,BDMAP_00183311,BDMAP_00178643,bladder,mask,0.732944,/scratch/rpinise1/EvoTumor/Residuals/transforms/BDMAP_00178643_to_BDMAP_00183311_bladder.h5
2026-07-14T11:01:42,gpu313_541234,BDMAP_00172796,BDMAP_00180686,prostate,mask,0.271839,/scratch/rpinise1/EvoTumor/Residuals/transforms/BDMAP_00180686_to_BDMAP_00172796_prostate.h5
2026-07-14T11:02:08,gpu313_541234,BDMAP_00037140,BDMAP_00043705,duodenum,mask,0.011850,/scratch/rpinise1/EvoTumor/Residuals/transforms/BDMAP_00043705_to_BDMAP_00037140_duodenum.h5
2026-07-14T11:02:25,gpu313_541234,BDMAP_00042099,BDMAP_00069426,gallbladder,mask,0.338710,/scratch/rpinise1/EvoTumor/Residuals/transforms/BDMAP_00069426_to_BDMAP_00042099_gallbladder.h5
2026-07-14T11:03:31,gpu313_541234,BDMAP_00056879,BDMAP_00043630,gallbladder,mask,0.137380,/scratch/rpinise1/EvoTumor/Residuals/transforms/BDMAP_00043630_to_BDMAP_00056879_gallbladder.h5
2026-07-14T11:04:53,gpu313_541234,BDMAP_00074897,BDMAP_00128866,spleen,mask,0.248320,/scratch/rpinise1/EvoTumor/Residuals/transforms/BDMAP_00128866_to_BDMAP_00074897_spleen.h5
2026-07-14T11:05:17,gpu313_541234,BDMAP_00061481,BDMAP_00100106,prostate,mask,0.653101,/scratch/rpinise1/EvoTumor/Residuals/transforms/BDMAP_00100106_to_BDMAP_00061481_prostate.h5
2026-07-14T11:06:07,gpu313_541234,BDMAP_00169477,BDMAP_00183760,spleen,mask,0.001787,/scratch/rpinise1/EvoTumor/Residuals/transforms/BDMAP_00183760_to_BDMAP_00169477_spleen.h5
2026-07-14T11:06:30,gpu313_541234,BDMAP_00040598,BDMAP_00044109,spleen,mask,0.052174,/scratch/rpinise1/EvoTumor/Residuals/transforms/BDMAP_00044109_to_BDMAP_00040598_spleen.h5
2026-07-14T11:07:30,gpu313_541234,BDMAP_00182742,BDMAP_00177768,gallbladder,mask,0.051729,/scratch/rpinise1/EvoTumor/Residuals/transforms/BDMAP_00177768_to_BDMAP_00182742_gallbladder.h5
2026-07-14T11:08:57,gpu313_541234,BDMAP_00178643,BDMAP_00183311,bladder,mask,0.734816,/scratch/rpinise1/EvoTumor/Residuals/transforms/BDMAP_00183311_to_BDMAP_00178643_bladder.h5
2026-07-14T11:09:22,gpu313_541234,BDMAP_00173098,BDMAP_00176115,gallbladder,mask,0.446604,/scratch/rpinise1/EvoTumor/Residuals/transforms/BDMAP_00176115_to_BDMAP_00173098_gallbladder.h5
2026-07-14T11:09:53,gpu313_541234,BDMAP_00185404,BDMAP_00184971,stomach,mask,0.612375,/scratch/rpinise1/EvoTumor/Residuals/transforms/BDMAP_00184971_to_BDMAP_00185404_stomach.h5
2026-07-14T11:10:27,gpu313_541234,BDMAP_00069247,BDMAP_00068977,gallbladder,mask,0.353846,/scratch/rpinise1/EvoTumor/Residuals/transforms/BDMAP_00068977_to_BDMAP_00069247_gallbladder.h5
2026-07-14T11:11:10,gpu313_541234,BDMAP_00056305,BDMAP_00069528,gallbladder,mask,0.520661,/scratch/rpinise1/EvoTumor/Residuals/transforms/BDMAP_00069528_to_BDMAP_00056305_gallbladder.h5
2026-07-14T11:11:38,gpu313_541234,BDMAP_00184914,BDMAP_00174154,gallbladder,mask,0.047828,/scratch/rpinise1/EvoTumor/Residuals/transforms/BDMAP_00174154_to_BDMAP_00184914_gallbladder.h5
2026-07-14T11:12:09,gpu313_541234,BDMAP_00179328,BDMAP_00183688,stomach,mask,0.514846,/scratch/rpinise1/EvoTumor/Residuals/transforms/BDMAP_00183688_to_BDMAP_00179328_stomach.h5
2026-07-14T11:12:29,gpu313_541234,BDMAP_00059237,BDMAP_00058604,stomach,mask,0.000488,/scratch/rpinise1/EvoTumor/Residuals/transforms/BDMAP_00058604_to_BDMAP_00059237_stomach.h5
2026-07-14T11:12:57,gpu313_541234,BDMAP_00052624,BDMAP_00040631,uterus,mask,0.753579,/scratch/rpinise1/EvoTumor/Residuals/transforms/BDMAP_00040631_to_BDMAP_00052624_uterus.h5
2026-07-14T11:13:40,gpu313_541234,BDMAP_00072472,BDMAP_00067770,bladder,mask,0.088057,/scratch/rpinise1/EvoTumor/Residuals/transforms/BDMAP_00067770_to_BDMAP_00072472_bladder.h5
2026-07-14T11:14:45,gpu313_541234,BDMAP_00103132,BDMAP_00039479,gallbladder,mask,0.630231,/scratch/rpinise1/EvoTumor/Residuals/transforms/BDMAP_00039479_to_BDMAP_00103132_gallbladder.h5
2026-07-14T11:15:05,gpu313_541234,BDMAP_00185116,BDMAP_00182742,gallbladder,mask,0.013712,/scratch/rpinise1/EvoTumor/Residuals/transforms/BDMAP_00182742_to_BDMAP_00185116_gallbladder.h5
2026-07-14T11:15:26,gpu313_541234,BDMAP_00053598,BDMAP_00053601,spleen,mask,0.699551,/scratch/rpinise1/EvoTumor/Residuals/transforms/BDMAP_00053601_to_BDMAP_00053598_spleen.h5
2026-07-14T11:16:31,gpu313_541234,BDMAP_00177171,BDMAP_00184452,stomach,mask,0.219047,/scratch/rpinise1/EvoTumor/Residuals/transforms/BDMAP_00184452_to_BDMAP_00177171_stomach.h5
2026-07-14T11:18:02,gpu313_541234,BDMAP_00184452,BDMAP_00177171,stomach,mask,0.216884,/scratch/rpinise1/EvoTumor/Residuals/transforms/BDMAP_00177171_to_BDMAP_00184452_stomach.h5
2026-07-14T11:18:22,gpu313_541234,BDMAP_00176115,BDMAP_00173098,gallbladder,mask,0.419786,/scratch/rpinise1/EvoTumor/Residuals/transforms/BDMAP_00173098_to_BDMAP_00176115_gallbladder.h5
2026-07-14T11:18:36,gpu313_541234,BDMAP_00039437,BDMAP_00151849,spleen,mask,0.240888,/scratch/rpinise1/EvoTumor/Residuals/transforms/BDMAP_00151849_to_BDMAP_00039437_spleen.h5
2026-07-14T11:19:21,gpu313_541234,BDMAP_00185404,BDMAP_00180468,stomach,mask,0.736839,/scratch/rpinise1/EvoTumor/Residuals/transforms/BDMAP_00180468_to_BDMAP_00185404_stomach.h5
2026-07-14T11:20:06,gpu313_541234,BDMAP_00062922,BDMAP_00062027,duodenum,mask,0.637433,/scratch/rpinise1/EvoTumor/Residuals/transforms/BDMAP_00062027_to_BDMAP_00062922_duodenum.h5
2026-07-14T11:20:21,gpu313_541234,BDMAP_00062306,BDMAP_00063184,duodenum,mask,0.318852,/scratch/rpinise1/EvoTumor/Residuals/transforms/BDMAP_00063184_to_BDMAP_00062306_duodenum.h5
2026-07-14T11:20:46,gpu313_541234,BDMAP_00166911,BDMAP_00167524,bladder,mask,0.139975,/scratch/rpinise1/EvoTumor/Residuals/transforms/BDMAP_00167524_to_BDMAP_00166911_bladder.h5
2026-07-14T11:21:09,gpu313_541234,BDMAP_00069392,BDMAP_00056725,gallbladder,mask,0.014542,/scratch/rpinise1/EvoTumor/Residuals/transforms/BDMAP_00056725_to_BDMAP_00069392_gallbladder.h5
2026-07-14T11:21:29,gpu313_541234,BDMAP_00167614,BDMAP_00168898,uterus,mask,0.834999,/scratch/rpinise1/EvoTumor/Residuals/transforms/BDMAP_00168898_to_BDMAP_00167614_uterus.h5
2026-07-14T11:21:44,gpu313_541234,BDMAP_00183713,BDMAP_00170231,gallbladder,mask,0.754987,/scratch/rpinise1/EvoTumor/Residuals/transforms/BDMAP_00170231_to_BDMAP_00183713_gallbladder.h5
2026-07-14T11:22:10,gpu313_541234,BDMAP_00041477,BDMAP_00045139,spleen,mask,0.842623,/scratch/rpinise1/EvoTumor/Residuals/transforms/BDMAP_00045139_to_BDMAP_00041477_spleen.h5
2026-07-14T11:22:27,gpu313_541234,BDMAP_00160737,BDMAP_00183713,gallbladder,mask,0.549442,/scratch/rpinise1/EvoTumor/Residuals/transforms/BDMAP_00183713_to_BDMAP_00160737_gallbladder.h5
2026-07-14T11:22:44,gpu313_541234,BDMAP_00172832,BDMAP_00170231,gallbladder,mask,0.742702,/scratch/rpinise1/EvoTumor/Residuals/transforms/BDMAP_00170231_to_BDMAP_00172832_gallbladder.h5
2026-07-14T11:23:12,gpu313_541234,BDMAP_00168378,BDMAP_00184572,spleen,mask,0.515763,/scratch/rpinise1/EvoTumor/Residuals/transforms/BDMAP_00184572_to_BDMAP_00168378_spleen.h5
2026-07-14T11:23:25,gpu313_541234,BDMAP_00036208,BDMAP_00063068,duodenum,mask,0.059467,/scratch/rpinise1/EvoTumor/Residuals/transforms/BDMAP_00063068_to_BDMAP_00036208_duodenum.h5
2026-07-14T11:23:58,gpu313_541234,BDMAP_00062189,BDMAP_00060916,prostate,mask,0.727125,/scratch/rpinise1/EvoTumor/Residuals/transforms/BDMAP_00060916_to_BDMAP_00062189_prostate.h5
2026-07-14T11:24:20,gpu313_541234,BDMAP_00131080,BDMAP_00036233,spleen,mask,0.149472,/scratch/rpinise1/EvoTumor/Residuals/transforms/BDMAP_00036233_to_BDMAP_00131080_spleen.h5
2026-07-14T11:24:53,gpu313_541234,BDMAP_00045991,BDMAP_00045665,uterus,mask,0.011917,/scratch/rpinise1/EvoTumor/Residuals/transforms/BDMAP_00045665_to_BDMAP_00045991_uterus.h5
2026-07-14T11:25:14,gpu313_541234,BDMAP_00184636,BDMAP_00183688,stomach,mask,0.435577,/scratch/rpinise1/EvoTumor/Residuals/transforms/BDMAP_00183688_to_BDMAP_00184636_stomach.h5
2026-07-14T11:25:39,gpu313_541234,BDMAP_00061916,BDMAP_00060992,prostate,mask,0.003118,/scratch/rpinise1/EvoTumor/Residuals/transforms/BDMAP_00060992_to_BDMAP_00061916_prostate.h5
2026-07-14T11:26:19,gpu313_541234,BDMAP_00059636,BDMAP_00059256,stomach,mask,0.771655,/scratch/rpinise1/EvoTumor/Residuals/transforms/BDMAP_00059256_to_BDMAP_00059636_stomach.h5
2026-07-14T11:26:35,gpu313_541234,BDMAP_00063370,BDMAP_00039623,duodenum,mask,0.553159,/scratch/rpinise1/EvoTumor/Residuals/transforms/BDMAP_00039623_to_BDMAP_00063370_duodenum.h5
2026-07-14T11:27:01,gpu313_541234,BDMAP_00135837,BDMAP_00131080,spleen,mask,0.429152,/scratch/rpinise1/EvoTumor/Residuals/transforms/BDMAP_00131080_to_BDMAP_00135837_spleen.h5
2026-07-14T11:27:26,gpu313_541234,BDMAP_00185404,BDMAP_00180468,uterus,mask,0.812851,/scratch/rpinise1/EvoTumor/Residuals/transforms/BDMAP_00180468_to_BDMAP_00185404_uterus.h5
2026-07-14T11:27:52,gpu313_541234,BDMAP_00135837,BDMAP_00052291,spleen,mask,0.105878,/scratch/rpinise1/EvoTumor/Residuals/transforms/BDMAP_00052291_to_BDMAP_00135837_spleen.h5
2026-07-14T11:28:42,gpu313_541234,BDMAP_00056483,BDMAP_00069426,gallbladder,mask,0.539561,/scratch/rpinise1/EvoTumor/Residuals/transforms/BDMAP_00069426_to_BDMAP_00056483_gallbladder.h5
2026-07-14T11:29:01,gpu313_541234,BDMAP_00044126,BDMAP_00063184,duodenum,mask,0.020788,/scratch/rpinise1/EvoTumor/Residuals/transforms/BDMAP_00063184_to_BDMAP_00044126_duodenum.h5
2026-07-14T11:29:36,gpu313_541234,BDMAP_00039479,BDMAP_00103132,gallbladder,mask,0.542938,/scratch/rpinise1/EvoTumor/Residuals/transforms/BDMAP_00103132_to_BDMAP_00039479_gallbladder.h5
2026-07-14T11:29:52,gpu313_541234,BDMAP_00058666,BDMAP_00039217,stomach,mask,0.037903,/scratch/rpinise1/EvoTumor/Residuals/transforms/BDMAP_00039217_to_BDMAP_00058666_stomach.h5
2026-07-14T11:30:15,gpu313_541234,BDMAP_00185239,BDMAP_00175436,duodenum,mask,0.442231,/scratch/rpinise1/EvoTumor/Residuals/transforms/BDMAP_00175436_to_BDMAP_00185239_duodenum.h5
2026-07-14T11:30:49,gpu313_541234,BDMAP_00069528,BDMAP_00069231,gallbladder,mask,0.000168,/scratch/rpinise1/EvoTumor/Residuals/transforms/BDMAP_00069231_to_BDMAP_00069528_gallbladder.h5
2026-07-14T11:31:03,gpu313_541234,BDMAP_00069426,BDMAP_00056305,gallbladder,mask,0.240879,/scratch/rpinise1/EvoTumor/Residuals/transforms/BDMAP_00056305_to_BDMAP_00069426_gallbladder.h5
2026-07-14T11:31:19,gpu313_541234,BDMAP_00040739,BDMAP_00069426,gallbladder,mask,0.017408,/scratch/rpinise1/EvoTumor/Residuals/transforms/BDMAP_00069426_to_BDMAP_00040739_gallbladder.h5
2026-07-14T11:31:42,gpu313_541234,BDMAP_00178403,BDMAP_00175436,duodenum,mask,0.385637,/scratch/rpinise1/EvoTumor/Residuals/transforms/BDMAP_00175436_to_BDMAP_00178403_duodenum.h5
2026-07-14T11:32:03,gpu313_541234,BDMAP_00178379,BDMAP_00184914,gallbladder,mask,0.025724,/scratch/rpinise1/EvoTumor/Residuals/transforms/BDMAP_00184914_to_BDMAP_00178379_gallbladder.h5
2026-07-14T11:32:26,gpu313_541234,BDMAP_00180468,BDMAP_00185404,uterus,mask,0.829546,/scratch/rpinise1/EvoTumor/Residuals/transforms/BDMAP_00185404_to_BDMAP_00180468_uterus.h5
2026-07-14T11:32:42,gpu313_541234,BDMAP_00059593,BDMAP_00039217,stomach,mask,0.014150,/scratch/rpinise1/EvoTumor/Residuals/transforms/BDMAP_00039217_to_BDMAP_00059593_stomach.h5
2026-07-14T11:33:02,gpu313_541234,BDMAP_00184807,BDMAP_00182541,stomach,mask,0.273956,/scratch/rpinise1/EvoTumor/Residuals/transforms/BDMAP_00182541_to_BDMAP_00184807_stomach.h5
2026-07-14T11:33:44,gpu313_541234,BDMAP_00042309,BDMAP_00039437,spleen,mask,0.238864,/scratch/rpinise1/EvoTumor/Residuals/transforms/BDMAP_00039437_to_BDMAP_00042309_spleen.h5
2026-07-14T11:34:18,gpu313_541234,BDMAP_00184452,BDMAP_00184032,stomach,mask,0.247615,/scratch/rpinise1/EvoTumor/Residuals/transforms/BDMAP_00184032_to_BDMAP_00184452_stomach.h5
2026-07-14T11:35:11,gpu313_541234,BDMAP_00063022,BDMAP_00062306,duodenum,mask,0.380659,/scratch/rpinise1/EvoTumor/Residuals/transforms/BDMAP_00062306_to_BDMAP_00063022_duodenum.h5
2026-07-14T11:35:27,gpu313_541234,BDMAP_00069426,BDMAP_00040739,gallbladder,mask,0.005053,/scratch/rpinise1/EvoTumor/Residuals/transforms/BDMAP_00040739_to_BDMAP_00069426_gallbladder.h5
2026-07-14T11:35:38,gpu313_541234,BDMAP_00069116,BDMAP_00069219,gallbladder,mask,0.007045,/scratch/rpinise1/EvoTumor/Residuals/transforms/BDMAP_00069219_to_BDMAP_00069116_gallbladder.h5
2026-07-14T11:36:03,gpu313_541234,BDMAP_00184971,BDMAP_00180468,uterus,mask,0.889541,/scratch/rpinise1/EvoTumor/Residuals/transforms/BDMAP_00180468_to_BDMAP_00184971_uterus.h5
2026-07-14T11:36:45,gpu313_541234,BDMAP_00176071,BDMAP_00175436,duodenum,mask,0.118470,/scratch/rpinise1/EvoTumor/Residuals/transforms/BDMAP_00175436_to_BDMAP_00176071_duodenum.h5
2026-07-14T11:36:56,gpu313_541234,BDMAP_00069231,BDMAP_00056305,gallbladder,mask,0.000340,/scratch/rpinise1/EvoTumor/Residuals/transforms/BDMAP_00056305_to_BDMAP_00069231_gallbladder.h5
2026-07-14T11:37:37,gpu313_541234,BDMAP_00056315,BDMAP_00056218,gallbladder,mask,0.601393,/scratch/rpinise1/EvoTumor/Residuals/transforms/BDMAP_00056218_to_BDMAP_00056315_gallbladder.h5
2026-07-14T11:37:55,gpu313_541234,BDMAP_00184032,BDMAP_00167525,uterus,mask,0.505387,/scratch/rpinise1/EvoTumor/Residuals/transforms/BDMAP_00167525_to_BDMAP_00184032_uterus.h5
2026-07-14T11:38:13,gpu313_541234,BDMAP_00062027,BDMAP_00062922,duodenum,mask,0.743149,/scratch/rpinise1/EvoTumor/Residuals/transforms/BDMAP_00062922_to_BDMAP_00062027_duodenum.h5
2026-07-14T11:38:34,gpu313_541234,BDMAP_00068864,BDMAP_00043630,gallbladder,mask,0.231783,/scratch/rpinise1/EvoTumor/Residuals/transforms/BDMAP_00043630_to_BDMAP_00068864_gallbladder.h5
2026-07-14T11:38:58,gpu313_541234,BDMAP_00179328,BDMAP_00184636,stomach,mask,0.283468,/scratch/rpinise1/EvoTumor/Residuals/transforms/BDMAP_00184636_to_BDMAP_00179328_stomach.h5
2026-07-14T11:39:14,gpu313_541234,BDMAP_00178697,BDMAP_00168781,duodenum,mask,0.583123,/scratch/rpinise1/EvoTumor/Residuals/transforms/BDMAP_00168781_to_BDMAP_00178697_duodenum.h5
2026-07-14T11:40:05,gpu313_541234,BDMAP_00068864,BDMAP_00056725,gallbladder,mask,0.309544,/scratch/rpinise1/EvoTumor/Residuals/transforms/BDMAP_00056725_to_BDMAP_00068864_gallbladder.h5
2026-07-14T11:40:46,gpu313_541234,BDMAP_00167525,BDMAP_00184032,uterus,mask,0.458624,/scratch/rpinise1/EvoTumor/Residuals/transforms/BDMAP_00184032_to_BDMAP_00167525_uterus.h5
2026-07-14T11:41:48,gpu313_541234,BDMAP_00185239,BDMAP_00175904,duodenum,mask,0.413557,/scratch/rpinise1/EvoTumor/Residuals/transforms/BDMAP_00175904_to_BDMAP_00185239_duodenum.h5
2026-07-14T11:42:17,gpu313_541234,BDMAP_00178337,BDMAP_00180468,stomach,mask,0.851403,/scratch/rpinise1/EvoTumor/Residuals/transforms/BDMAP_00180468_to_BDMAP_00178337_stomach.h5
2026-07-14T11:42:51,gpu313_541234,BDMAP_00062225,BDMAP_00061747,prostate,mask,0.811119,/scratch/rpinise1/EvoTumor/Residuals/transforms/BDMAP_00061747_to_BDMAP_00062225_prostate.h5
2026-07-14T11:43:11,gpu313_541234,BDMAP_00165898,BDMAP_00167723,spleen,mask,0.470552,/scratch/rpinise1/EvoTumor/Residuals/transforms/BDMAP_00167723_to_BDMAP_00165898_spleen.h5
2026-07-14T11:43:33,gpu313_541234,BDMAP_00170281,BDMAP_00180800,spleen,mask,0.150480,/scratch/rpinise1/EvoTumor/Residuals/transforms/BDMAP_00180800_to_BDMAP_00170281_spleen.h5
2026-07-14T11:43:51,gpu313_541234,BDMAP_00051532,BDMAP_00052243,esophagus,mask,0.078598,/scratch/rpinise1/EvoTumor/Residuals/transforms/BDMAP_00052243_to_BDMAP_00051532_esophagus.h5
2026-07-14T11:44:03,gpu313_541234,BDMAP_00038607,BDMAP_00041971,uterus,mask,0.461647,/scratch/rpinise1/EvoTumor/Residuals/transforms/BDMAP_00041971_to_BDMAP_00038607_uterus.h5
2026-07-14T11:44:54,gpu313_541234,BDMAP_00178329,BDMAP_00182444,esophagus,mask,0.622315,/scratch/rpinise1/EvoTumor/Residuals/transforms/BDMAP_00182444_to_BDMAP_00178329_esophagus.h5
2026-07-14T11:45:37,gpu313_541234,BDMAP_00060992,BDMAP_00061916,prostate,mask,0.110727,/scratch/rpinise1/EvoTumor/Residuals/transforms/BDMAP_00061916_to_BDMAP_00060992_prostate.h5
2026-07-14T11:46:02,gpu313_541234,BDMAP_00177768,BDMAP_00182742,gallbladder,mask,0.051736,/scratch/rpinise1/EvoTumor/Residuals/transforms/BDMAP_00182742_to_BDMAP_00177768_gallbladder.h5
2026-07-14T11:46:19,gpu313_541234,BDMAP_00059154,BDMAP_00062907,stomach,mask,0.860585,/scratch/rpinise1/EvoTumor/Residuals/transforms/BDMAP_00062907_to_BDMAP_00059154_stomach.h5
2026-07-14T11:46:38,gpu313_541234,BDMAP_00169818,BDMAP_00168898,uterus,mask,0.904408,/scratch/rpinise1/EvoTumor/Residuals/transforms/BDMAP_00168898_to_BDMAP_00169818_uterus.h5
2026-07-14T11:46:59,gpu313_541234,BDMAP_00178403,BDMAP_00176071,duodenum,mask,0.036080,/scratch/rpinise1/EvoTumor/Residuals/transforms/BDMAP_00176071_to_BDMAP_00178403_duodenum.h5
2026-07-14T11:47:22,gpu313_541234,BDMAP_00180468,BDMAP_00184971,uterus,mask,0.883777,/scratch/rpinise1/EvoTumor/Residuals/transforms/BDMAP_00184971_to_BDMAP_00180468_uterus.h5
2026-07-14T11:47:39,gpu313_541234,BDMAP_00166565,BDMAP_00179949,bladder,mask,0.804475,/scratch/rpinise1/EvoTumor/Residuals/transforms/BDMAP_00179949_to_BDMAP_00166565_bladder.h5
2026-07-14T11:48:08,gpu313_541234,BDMAP_00179106,BDMAP_00167966,bladder,mask,0.820562,/scratch/rpinise1/EvoTumor/Residuals/transforms/BDMAP_00167966_to_BDMAP_00179106_bladder.h5
2026-07-14T11:48:45,gpu313_541234,BDMAP_00045420,BDMAP_00052482,spleen,mask,0.415623,/scratch/rpinise1/EvoTumor/Residuals/transforms/BDMAP_00052482_to_BDMAP_00045420_spleen.h5
2026-07-14T11:49:25,gpu313_541234,BDMAP_00173865,BDMAP_00183688,stomach,mask,0.770416,/scratch/rpinise1/EvoTumor/Residuals/transforms/BDMAP_00183688_to_BDMAP_00173865_stomach.h5
2026-07-14T11:50:02,gpu313_541234,BDMAP_00039963,BDMAP_00042309,spleen,mask,0.806620,/scratch/rpinise1/EvoTumor/Residuals/transforms/BDMAP_00042309_to_BDMAP_00039963_spleen.h5
2026-07-14T11:50:36,gpu313_541234,BDMAP_00059256,BDMAP_00059636,stomach,mask,0.766184,/scratch/rpinise1/EvoTumor/Residuals/transforms/BDMAP_00059636_to_BDMAP_00059256_stomach.h5
2026-07-14T11:50:56,gpu313_541234,BDMAP_00100106,BDMAP_00061481,prostate,mask,0.666357,/scratch/rpinise1/EvoTumor/Residuals/transforms/BDMAP_00061481_to_BDMAP_00100106_prostate.h5
2026-07-14T11:51:20,gpu313_541234,BDMAP_00185047,BDMAP_00179167,duodenum,mask,0.754691,/scratch/rpinise1/EvoTumor/Residuals/transforms/BDMAP_00179167_to_BDMAP_00185047_duodenum.h5
2026-07-14T11:51:54,gpu313_541234,BDMAP_00182444,BDMAP_00178329,stomach,mask,0.581089,/scratch/rpinise1/EvoTumor/Residuals/transforms/BDMAP_00178329_to_BDMAP_00182444_stomach.h5
2026-07-14T11:52:07,gpu313_541234,BDMAP_00056305,BDMAP_00056483,gallbladder,mask,0.542182,/scratch/rpinise1/EvoTumor/Residuals/transforms/BDMAP_00056483_to_BDMAP_00056305_gallbladder.h5
2026-07-14T11:52:28,gpu313_541234,BDMAP_00184636,BDMAP_00173865,stomach,mask,0.441499,/scratch/rpinise1/EvoTumor/Residuals/transforms/BDMAP_00173865_to_BDMAP_00184636_stomach.h5
2026-07-14T11:53:03,gpu313_541234,BDMAP_00062907,BDMAP_00058988,stomach,mask,0.413455,/scratch/rpinise1/EvoTumor/Residuals/transforms/BDMAP_00058988_to_BDMAP_00062907_stomach.h5
2026-07-14T11:53:25,gpu313_541234,BDMAP_00178403,BDMAP_00185239,duodenum,mask,0.481043,/scratch/rpinise1/EvoTumor/Residuals/transforms/BDMAP_00185239_to_BDMAP_00178403_duodenum.h5
2026-07-14T11:54:04,gpu313_541234,BDMAP_00168898,BDMAP_00169818,uterus,mask,0.886349,/scratch/rpinise1/EvoTumor/Residuals/transforms/BDMAP_00169818_to_BDMAP_00168898_uterus.h5
2026-07-14T11:54:26,gpu313_541234,BDMAP_00178379,BDMAP_00174154,spleen,mask,0.723942,/scratch/rpinise1/EvoTumor/Residuals/transforms/BDMAP_00174154_to_BDMAP_00178379_spleen.h5
2026-07-14T11:56:04,gpu313_541234,BDMAP_00179328,BDMAP_00173865,stomach,mask,0.497072,/scratch/rpinise1/EvoTumor/Residuals/transforms/BDMAP_00173865_to_BDMAP_00179328_stomach.h5
2026-07-14T11:56:25,gpu313_541234,BDMAP_00182742,BDMAP_00185116,gallbladder,mask,0.023837,/scratch/rpinise1/EvoTumor/Residuals/transforms/BDMAP_00185116_to_BDMAP_00182742_gallbladder.h5
2026-07-14T11:57:12,gpu313_541234,BDMAP_00183688,BDMAP_00179328,stomach,mask,0.562363,/scratch/rpinise1/EvoTumor/Residuals/transforms/BDMAP_00179328_to_BDMAP_00183688_stomach.h5
2026-07-14T11:57:34,gpu313_541234,BDMAP_00176374,BDMAP_00161119,spleen,mask,0.736780,/scratch/rpinise1/EvoTumor/Residuals/transforms/BDMAP_00161119_to_BDMAP_00176374_spleen.h5
2026-07-14T11:58:15,gpu313_541234,BDMAP_00174154,BDMAP_00178379,gallbladder,mask,0.287496,/scratch/rpinise1/EvoTumor/Residuals/transforms/BDMAP_00178379_to_BDMAP_00174154_gallbladder.h5
2026-07-14T11:58:48,gpu313_541234,BDMAP_00067770,BDMAP_00072472,bladder,mask,0.088057,/scratch/rpinise1/EvoTumor/Residuals/transforms/BDMAP_00072472_to_BDMAP_00067770_bladder.h5
2026-07-14T11:59:04,gpu313_541234,BDMAP_00052243,BDMAP_00051532,esophagus,mask,0.000347,/scratch/rpinise1/EvoTumor/Residuals/transforms/BDMAP_00051532_to_BDMAP_00052243_esophagus.h5
2026-07-14T11:59:26,gpu313_541234,BDMAP_00043630,BDMAP_00069392,gallbladder,mask,0.013651,/scratch/rpinise1/EvoTumor/Residuals/transforms/BDMAP_00069392_to_BDMAP_00043630_gallbladder.h5
2026-07-14T11:59:43,gpu313_541234,BDMAP_00172832,BDMAP_00183713,gallbladder,mask,0.796404,/scratch/rpinise1/EvoTumor/Residuals/transforms/BDMAP_00183713_to_BDMAP_00172832_gallbladder.h5
2026-07-14T12:00:00,gpu313_541234,BDMAP_00178697,BDMAP_00177420,bladder,mask,0.028736,/scratch/rpinise1/EvoTumor/Residuals/transforms/BDMAP_00177420_to_BDMAP_00178697_bladder.h5
2026-07-14T12:00:24,gpu313_541234,BDMAP_00178337,BDMAP_00184971,uterus,mask,0.869444,/scratch/rpinise1/EvoTumor/Residuals/transforms/BDMAP_00184971_to_BDMAP_00178337_uterus.h5
2026-07-14T12:01:03,gpu313_541234,BDMAP_00151849,BDMAP_00039963,spleen,mask,0.770265,/scratch/rpinise1/EvoTumor/Residuals/transforms/BDMAP_00039963_to_BDMAP_00151849_spleen.h5
2026-07-14T12:01:26,gpu313_541234,BDMAP_00173865,BDMAP_00179328,stomach,mask,0.533441,/scratch/rpinise1/EvoTumor/Residuals/transforms/BDMAP_00179328_to_BDMAP_00173865_stomach.h5
2026-07-14T12:01:49,gpu313_541234,BDMAP_00043630,BDMAP_00056879,gallbladder,mask,0.121458,/scratch/rpinise1/EvoTumor/Residuals/transforms/BDMAP_00056879_to_BDMAP_00043630_gallbladder.h5
2026-07-14T12:02:00,gpu313_541234,BDMAP_00056305,BDMAP_00069231,gallbladder,mask,0.003550,/scratch/rpinise1/EvoTumor/Residuals/transforms/BDMAP_00069231_to_BDMAP_00056305_gallbladder.h5
2026-07-14T12:04:27,gpu313_541234,BDMAP_00037061,BDMAP_00062922,duodenum,mask,0.750824,/scratch/rpinise1/EvoTumor/Residuals/transforms/BDMAP_00062922_to_BDMAP_00037061_duodenum.h5
2026-07-14T12:04:42,gpu313_541234,BDMAP_00039623,BDMAP_00063370,duodenum,mask,0.543700,/scratch/rpinise1/EvoTumor/Residuals/transforms/BDMAP_00063370_to_BDMAP_00039623_duodenum.h5
2026-07-14T12:06:31,gpu313_541234,BDMAP_00052291,BDMAP_00131080,spleen,mask,0.206295,/scratch/rpinise1/EvoTumor/Residuals/transforms/BDMAP_00131080_to_BDMAP_00052291_spleen.h5
2026-07-14T12:07:18,gpu313_541234,BDMAP_00063022,BDMAP_00063184,duodenum,mask,0.400869,/scratch/rpinise1/EvoTumor/Residuals/transforms/BDMAP_00063184_to_BDMAP_00063022_duodenum.h5
2026-07-14T12:07:35,gpu313_541234,BDMAP_00058988,BDMAP_00062907,stomach,mask,0.336177,/scratch/rpinise1/EvoTumor/Residuals/transforms/BDMAP_00062907_to_BDMAP_00058988_stomach.h5
2026-07-14T12:07:51,gpu313_541234,BDMAP_00179949,BDMAP_00166565,bladder,mask,0.804637,/scratch/rpinise1/EvoTumor/Residuals/transforms/BDMAP_00166565_to_BDMAP_00179949_bladder.h5
2026-07-14T12:08:14,gpu313_541234,BDMAP_00173923,BDMAP_00167373,gallbladder,mask,0.016136,/scratch/rpinise1/EvoTumor/Residuals/transforms/BDMAP_00167373_to_BDMAP_00173923_gallbladder.h5
2026-07-14T12:08:36,gpu313_541234,BDMAP_00056725,BDMAP_00043630,gallbladder,mask,0.800478,/scratch/rpinise1/EvoTumor/Residuals/transforms/BDMAP_00043630_to_BDMAP_00056725_gallbladder.h5
2026-07-14T12:08:58,gpu313_541234,BDMAP_00043705,BDMAP_00037140,duodenum,mask,0.015786,/scratch/rpinise1/EvoTumor/Residuals/transforms/BDMAP_00037140_to_BDMAP_00043705_duodenum.h5
2026-07-14T12:09:15,gpu313_541234,BDMAP_00069426,BDMAP_00069528,gallbladder,mask,0.671010,/scratch/rpinise1/EvoTumor/Residuals/transforms/BDMAP_00069528_to_BDMAP_00069426_gallbladder.h5
2026-07-14T12:09:39,gpu313_541234,BDMAP_00168477,BDMAP_00177276,duodenum,mask,0.459408,/scratch/rpinise1/EvoTumor/Residuals/transforms/BDMAP_00177276_to_BDMAP_00168477_duodenum.h5
2026-07-14T12:11:07,gpu313_541234,BDMAP_00051675,BDMAP_00052324,esophagus,mask,0.006819,/scratch/rpinise1/EvoTumor/Residuals/transforms/BDMAP_00052324_to_BDMAP_00051675_esophagus.h5
2026-07-14T12:11:27,gpu313_541234,BDMAP_00181437,BDMAP_00179822,stomach,mask,0.051841,/scratch/rpinise1/EvoTumor/Residuals/transforms/BDMAP_00179822_to_BDMAP_00181437_stomach.h5
2026-07-14T12:11:48,gpu313_541234,BDMAP_00069392,BDMAP_00043630,gallbladder,mask,0.010986,/scratch/rpinise1/EvoTumor/Residuals/transforms/BDMAP_00043630_to_BDMAP_00069392_gallbladder.h5
2026-07-14T12:12:03,gpu313_541234,BDMAP_00151849,BDMAP_00042309,spleen,mask,0.752298,/scratch/rpinise1/EvoTumor/Residuals/transforms/BDMAP_00042309_to_BDMAP_00151849_spleen.h5
2026-07-14T12:12:41,gpu313_541234,BDMAP_00069528,BDMAP_00042099,gallbladder,mask,0.355384,/scratch/rpinise1/EvoTumor/Residuals/transforms/BDMAP_00042099_to_BDMAP_00069528_gallbladder.h5
2026-07-14T12:13:03,gpu313_541234,BDMAP_00185404,BDMAP_00184971,uterus,mask,0.719927,/scratch/rpinise1/EvoTumor/Residuals/transforms/BDMAP_00184971_to_BDMAP_00185404_uterus.h5
2026-07-14T12:13:21,gpu313_541234,BDMAP_00168781,BDMAP_00178697,duodenum,mask,0.592565,/scratch/rpinise1/EvoTumor/Residuals/transforms/BDMAP_00178697_to_BDMAP_00168781_duodenum.h5
2026-07-14T12:13:39,gpu313_541234,BDMAP_00069528,BDMAP_00069426,gallbladder,mask,0.709044,/scratch/rpinise1/EvoTumor/Residuals/transforms/BDMAP_00069426_to_BDMAP_00069528_gallbladder.h5
2026-07-14T12:14:12,gpu313_541234,BDMAP_00177171,BDMAP_00184032,stomach,mask,0.128447,/scratch/rpinise1/EvoTumor/Residuals/transforms/BDMAP_00184032_to_BDMAP_00177171_stomach.h5
2026-07-14T12:14:30,gpu313_541234,BDMAP_00074897,BDMAP_00127721,spleen,mask,0.753940,/scratch/rpinise1/EvoTumor/Residuals/transforms/BDMAP_00127721_to_BDMAP_00074897_spleen.h5
2026-07-14T12:14:48,gpu313_541234,BDMAP_00166738,BDMAP_00172796,prostate,mask,0.075355,/scratch/rpinise1/EvoTumor/Residuals/transforms/BDMAP_00172796_to_BDMAP_00166738_prostate.h5
2026-07-14T12:15:14,gpu313_541234,BDMAP_00167966,BDMAP_00179874,bladder,mask,0.837724,/scratch/rpinise1/EvoTumor/Residuals/transforms/BDMAP_00179874_to_BDMAP_00167966_bladder.h5
2026-07-14T12:15:33,gpu313_541234,BDMAP_00175904,BDMAP_00176071,duodenum,mask,0.098631,/scratch/rpinise1/EvoTumor/Residuals/transforms/BDMAP_00176071_to_BDMAP_00175904_duodenum.h5
2026-07-14T12:16:03,gpu313_541234,BDMAP_00056305,BDMAP_00042099,gallbladder,mask,0.447239,/scratch/rpinise1/EvoTumor/Residuals/transforms/BDMAP_00042099_to_BDMAP_00056305_gallbladder.h5
2026-07-14T12:16:45,gpu313_541234,BDMAP_00058988,BDMAP_00059154,stomach,mask,0.339268,/scratch/rpinise1/EvoTumor/Residuals/transforms/BDMAP_00059154_to_BDMAP_00058988_stomach.h5
2026-07-14T12:17:00,gpu313_541234,BDMAP_00060916,BDMAP_00063224,prostate,mask,0.062792,/scratch/rpinise1/EvoTumor/Residuals/transforms/BDMAP_00063224_to_BDMAP_00060916_prostate.h5
2026-07-14T12:17:43,gpu313_541234,BDMAP_00069528,BDMAP_00056305,gallbladder,mask,0.448918,/scratch/rpinise1/EvoTumor/Residuals/transforms/BDMAP_00056305_to_BDMAP_00069528_gallbladder.h5
2026-07-14T12:18:06,gpu313_541234,BDMAP_00052324,BDMAP_00051675,esophagus,mask,0.001502,/scratch/rpinise1/EvoTumor/Residuals/transforms/BDMAP_00051675_to_BDMAP_00052324_esophagus.h5
2026-07-14T12:18:24,gpu313_541234,BDMAP_00183713,BDMAP_00160737,gallbladder,mask,0.545844,/scratch/rpinise1/EvoTumor/Residuals/transforms/BDMAP_00160737_to_BDMAP_00183713_gallbladder.h5
2026-07-14T12:18:50,gpu313_541234,BDMAP_00135837,BDMAP_00036233,spleen,mask,0.112237,/scratch/rpinise1/EvoTumor/Residuals/transforms/BDMAP_00036233_to_BDMAP_00135837_spleen.h5
2026-07-14T12:19:14,gpu313_541234,BDMAP_00180948,BDMAP_00170118,stomach,mask,0.337096,/scratch/rpinise1/EvoTumor/Residuals/transforms/BDMAP_00170118_to_BDMAP_00180948_stomach.h5
2026-07-14T12:20:11,gpu313_541234,BDMAP_00068977,BDMAP_00069247,gallbladder,mask,0.310410,/scratch/rpinise1/EvoTumor/Residuals/transforms/BDMAP_00069247_to_BDMAP_00068977_gallbladder.h5
2026-07-14T12:20:36,gpu313_541234,BDMAP_00131080,BDMAP_00052291,spleen,mask,0.198981,/scratch/rpinise1/EvoTumor/Residuals/transforms/BDMAP_00052291_to_BDMAP_00131080_spleen.h5
2026-07-14T12:20:53,gpu313_541234,BDMAP_00059324,BDMAP_00059063,stomach,mask,0.170503,/scratch/rpinise1/EvoTumor/Residuals/transforms/BDMAP_00059063_to_BDMAP_00059324_stomach.h5
2026-07-14T12:21:43,gpu313_541234,BDMAP_00174154,BDMAP_00178379,spleen,mask,0.786881,/scratch/rpinise1/EvoTumor/Residuals/transforms/BDMAP_00178379_to_BDMAP_00174154_spleen.h5
2026-07-14T12:22:05,gpu313_541234,BDMAP_00175436,BDMAP_00175904,duodenum,mask,0.205068,/scratch/rpinise1/EvoTumor/Residuals/transforms/BDMAP_00175904_to_BDMAP_00175436_duodenum.h5
2026-07-14T12:22:28,gpu313_541234,BDMAP_00180468,BDMAP_00184971,stomach,mask,0.752268,/scratch/rpinise1/EvoTumor/Residuals/transforms/BDMAP_00184971_to_BDMAP_00180468_stomach.h5
2026-07-14T12:22:52,gpu313_541234,BDMAP_00184971,BDMAP_00185404,stomach,mask,0.657343,/scratch/rpinise1/EvoTumor/Residuals/transforms/BDMAP_00185404_to_BDMAP_00184971_stomach.h5
2026-07-14T12:23:39,gpu313_541234,BDMAP_00045139,BDMAP_00041477,spleen,mask,0.829384,/scratch/rpinise1/EvoTumor/Residuals/transforms/BDMAP_00041477_to_BDMAP_00045139_spleen.h5
2026-07-14T12:24:06,gpu313_541234,BDMAP_00179167,BDMAP_00185047,duodenum,mask,0.757212,/scratch/rpinise1/EvoTumor/Residuals/transforms/BDMAP_00185047_to_BDMAP_00179167_duodenum.h5
2026-07-14T12:24:42,gpu313_541234,BDMAP_00039963,BDMAP_00151849,spleen,mask,0.746768,/scratch/rpinise1/EvoTumor/Residuals/transforms/BDMAP_00151849_to_BDMAP_00039963_spleen.h5
2026-07-14T12:26:24,gpu313_541234,BDMAP_00170118,BDMAP_00180948,stomach,mask,0.309227,/scratch/rpinise1/EvoTumor/Residuals/transforms/BDMAP_00180948_to_BDMAP_00170118_stomach.h5
2026-07-14T12:26:40,gpu313_541234,BDMAP_00042309,BDMAP_00039963,spleen,mask,0.778092,/scratch/rpinise1/EvoTumor/Residuals/transforms/BDMAP_00039963_to_BDMAP_00042309_spleen.h5
2026-07-14T12:26:50,gpu313_541234,BDMAP_00042099,BDMAP_00056305,gallbladder,mask,0.460437,/scratch/rpinise1/EvoTumor/Residuals/transforms/BDMAP_00056305_to_BDMAP_00042099_gallbladder.h5
2026-07-14T12:28:02,gpu313_541234,BDMAP_00068864,BDMAP_00056879,gallbladder,mask,0.026793,/scratch/rpinise1/EvoTumor/Residuals/transforms/BDMAP_00056879_to_BDMAP_00068864_gallbladder.h5
2026-07-14T12:28:27,gpu313_541234,BDMAP_00160764,BDMAP_00175821,bladder,mask,0.150198,/scratch/rpinise1/EvoTumor/Residuals/transforms/BDMAP_00175821_to_BDMAP_00160764_bladder.h5
2026-07-14T12:28:50,gpu313_541234,BDMAP_00184914,BDMAP_00178379,gallbladder,mask,0.005904,/scratch/rpinise1/EvoTumor/Residuals/transforms/BDMAP_00178379_to_BDMAP_00184914_gallbladder.h5
2026-07-14T12:29:29,gpu313_541234,BDMAP_00127721,BDMAP_00128866,spleen,mask,0.052919,/scratch/rpinise1/EvoTumor/Residuals/transforms/BDMAP_00128866_to_BDMAP_00127721_spleen.h5
2026-07-14T12:29:50,gpu313_541234,BDMAP_00167723,BDMAP_00165898,spleen,mask,0.483077,/scratch/rpinise1/EvoTumor/Residuals/transforms/BDMAP_00165898_to_BDMAP_00167723_spleen.h5
2026-07-14T12:30:10,gpu313_541234,BDMAP_00176071,BDMAP_00175904,duodenum,mask,0.091572,/scratch/rpinise1/EvoTumor/Residuals/transforms/BDMAP_00175904_to_BDMAP_00176071_duodenum.h5
2026-07-14T12:30:35,gpu313_541234,BDMAP_00184971,BDMAP_00178337,uterus,mask,0.854244,/scratch/rpinise1/EvoTumor/Residuals/transforms/BDMAP_00178337_to_BDMAP_00184971_uterus.h5
2026-07-14T12:31:32,gpu313_541234,BDMAP_00178379,BDMAP_00174154,gallbladder,mask,0.319272,/scratch/rpinise1/EvoTumor/Residuals/transforms/BDMAP_00174154_to_BDMAP_00178379_gallbladder.h5
2026-07-14T12:31:45,gpu313_541234,BDMAP_00042099,BDMAP_00056483,gallbladder,mask,0.438176,/scratch/rpinise1/EvoTumor/Residuals/transforms/BDMAP_00056483_to_BDMAP_00042099_gallbladder.h5
2026-07-14T12:32:14,gpu313_541234,BDMAP_00179106,BDMAP_00179874,bladder,mask,0.788603,/scratch/rpinise1/EvoTumor/Residuals/transforms/BDMAP_00179874_to_BDMAP_00179106_bladder.h5
2026-07-14T12:32:27,gpu313_541234,BDMAP_00056483,BDMAP_00056305,gallbladder,mask,0.367403,/scratch/rpinise1/EvoTumor/Residuals/transforms/BDMAP_00056305_to_BDMAP_00056483_gallbladder.h5
2026-07-14T12:32:48,gpu313_541234,BDMAP_00168898,BDMAP_00167614,uterus,mask,0.838719,/scratch/rpinise1/EvoTumor/Residuals/transforms/BDMAP_00167614_to_BDMAP_00168898_uterus.h5
2026-07-14T12:33:13,gpu313_541234,BDMAP_00167966,BDMAP_00166029,bladder,mask,0.507415,/scratch/rpinise1/EvoTumor/Residuals/transforms/BDMAP_00166029_to_BDMAP_00167966_bladder.h5
2026-07-14T12:33:31,gpu313_541234,BDMAP_00179612,BDMAP_00184539,duodenum,mask,0.268608,/scratch/rpinise1/EvoTumor/Residuals/transforms/BDMAP_00184539_to_BDMAP_00179612_duodenum.h5
2026-07-14T12:35:07,gpu313_541234,BDMAP_00052482,BDMAP_00045420,spleen,mask,0.481314,/scratch/rpinise1/EvoTumor/Residuals/transforms/BDMAP_00045420_to_BDMAP_00052482_spleen.h5
2026-07-14T12:35:31,gpu313_541234,BDMAP_00185404,BDMAP_00178337,stomach,mask,0.704051,/scratch/rpinise1/EvoTumor/Residuals/transforms/BDMAP_00178337_to_BDMAP_00185404_stomach.h5
2026-07-14T12:35:58,gpu313_541234,BDMAP_00179227,BDMAP_00168477,duodenum,mask,0.251571,/scratch/rpinise1/EvoTumor/Residuals/transforms/BDMAP_00168477_to_BDMAP_00179227_duodenum.h5
2026-07-14T12:37:28,gpu313_541234,BDMAP_00178337,BDMAP_00185404,uterus,mask,0.762996,/scratch/rpinise1/EvoTumor/Residuals/transforms/BDMAP_00185404_to_BDMAP_00178337_uterus.h5
2026-07-14T12:38:40,gpu313_541234,BDMAP_00178337,BDMAP_00184971,stomach,mask,0.808707,/scratch/rpinise1/EvoTumor/Residuals/transforms/BDMAP_00184971_to_BDMAP_00178337_stomach.h5
2026-07-14T12:39:26,gpu313_541234,BDMAP_00177420,BDMAP_00178697,bladder,mask,0.011672,/scratch/rpinise1/EvoTumor/Residuals/transforms/BDMAP_00178697_to_BDMAP_00177420_bladder.h5
2026-07-14T12:39:55,gpu313_541234,BDMAP_00167470,BDMAP_00174524,uterus,mask,0.766665,/scratch/rpinise1/EvoTumor/Residuals/transforms/BDMAP_00174524_to_BDMAP_00167470_uterus.h5
2026-07-14T12:40:13,gpu313_541234,BDMAP_00128866,BDMAP_00074897,spleen,mask,0.302124,/scratch/rpinise1/EvoTumor/Residuals/transforms/BDMAP_00074897_to_BDMAP_00128866_spleen.h5
2026-07-14T12:40:40,gpu313_541234,BDMAP_00177276,BDMAP_00179227,duodenum,mask,0.237909,/scratch/rpinise1/EvoTumor/Residuals/transforms/BDMAP_00179227_to_BDMAP_00177276_duodenum.h5
2026-07-14T12:41:17,gpu313_541234,BDMAP_00045665,BDMAP_00045991,uterus,mask,0.004001,/scratch/rpinise1/EvoTumor/Residuals/transforms/BDMAP_00045991_to_BDMAP_00045665_uterus.h5
2026-07-14T12:41:35,gpu313_541234,BDMAP_00040631,BDMAP_00052624,uterus,mask,0.616077,/scratch/rpinise1/EvoTumor/Residuals/transforms/BDMAP_00052624_to_BDMAP_00040631_uterus.h5
2026-07-14T12:42:19,gpu313_541234,BDMAP_00178337,BDMAP_00180468,uterus,mask,0.852820,/scratch/rpinise1/EvoTumor/Residuals/transforms/BDMAP_00180468_to_BDMAP_00178337_uterus.h5
2026-07-14T12:42:44,gpu313_541234,BDMAP_00184971,BDMAP_00178337,stomach,mask,0.821108,/scratch/rpinise1/EvoTumor/Residuals/transforms/BDMAP_00178337_to_BDMAP_00184971_stomach.h5
2026-07-14T12:43:08,gpu313_541234,BDMAP_00185404,BDMAP_00178337,uterus,mask,0.683932,/scratch/rpinise1/EvoTumor/Residuals/transforms/BDMAP_00178337_to_BDMAP_00185404_uterus.h5
2026-07-14T12:43:44,gpu313_541234,BDMAP_00169818,BDMAP_00167614,uterus,mask,0.885332,/scratch/rpinise1/EvoTumor/Residuals/transforms/BDMAP_00167614_to_BDMAP_00169818_uterus.h5
2026-07-14T12:44:01,gpu313_541234,BDMAP_00160737,BDMAP_00170231,gallbladder,mask,0.466028,/scratch/rpinise1/EvoTumor/Residuals/transforms/BDMAP_00170231_to_BDMAP_00160737_gallbladder.h5
2026-07-14T12:45:17,gpu313_541234,BDMAP_00062027,BDMAP_00037061,duodenum,mask,0.662212,/scratch/rpinise1/EvoTumor/Residuals/transforms/BDMAP_00037061_to_BDMAP_00062027_duodenum.h5
2026-07-14T12:45:56,gpu313_541234,BDMAP_00063184,BDMAP_00063022,duodenum,mask,0.419691,/scratch/rpinise1/EvoTumor/Residuals/transforms/BDMAP_00063022_to_BDMAP_00063184_duodenum.h5
2026-07-14T12:46:41,gpu313_541234,BDMAP_00151849,BDMAP_00039437,spleen,mask,0.232938,/scratch/rpinise1/EvoTumor/Residuals/transforms/BDMAP_00039437_to_BDMAP_00151849_spleen.h5
2026-07-14T12:47:17,gpu313_541234,BDMAP_00069443,BDMAP_00069231,gallbladder,mask,0.075165,/scratch/rpinise1/EvoTumor/Residuals/transforms/BDMAP_00069231_to_BDMAP_00069443_gallbladder.h5
2026-07-14T12:47:37,gpu313_541234,BDMAP_00175904,BDMAP_00178403,duodenum,mask,0.086708,/scratch/rpinise1/EvoTumor/Residuals/transforms/BDMAP_00178403_to_BDMAP_00175904_duodenum.h5
2026-07-14T12:47:59,gpu313_541234,BDMAP_00167725,BDMAP_00171692,stomach,mask,0.049129,/scratch/rpinise1/EvoTumor/Residuals/transforms/BDMAP_00171692_to_BDMAP_00167725_stomach.h5
2026-07-14T12:50:18,gpu313_541234,BDMAP_00182541,BDMAP_00184807,stomach,mask,0.454402,/scratch/rpinise1/EvoTumor/Residuals/transforms/BDMAP_00184807_to_BDMAP_00182541_stomach.h5
2026-07-14T12:51:00,gpu313_541234,BDMAP_00069426,BDMAP_00042099,gallbladder,mask,0.261520,/scratch/rpinise1/EvoTumor/Residuals/transforms/BDMAP_00042099_to_BDMAP_00069426_gallbladder.h5
2026-07-14T12:52:45,gpu313_541234,BDMAP_00042099,BDMAP_00040739,gallbladder,mask,0.303728,/scratch/rpinise1/EvoTumor/Residuals/transforms/BDMAP_00040739_to_BDMAP_00042099_gallbladder.h5
2026-07-14T12:53:14,gpu313_541234,BDMAP_00167966,BDMAP_00179106,bladder,mask,0.798269,/scratch/rpinise1/EvoTumor/Residuals/transforms/BDMAP_00179106_to_BDMAP_00167966_bladder.h5
2026-07-14T12:54:02,gpu313_541234,BDMAP_00036233,BDMAP_00131080,spleen,mask,0.214405,/scratch/rpinise1/EvoTumor/Residuals/transforms/BDMAP_00131080_to_BDMAP_00036233_spleen.h5
2026-07-14T12:54:23,gpu313_541234,BDMAP_00161119,BDMAP_00176374,spleen,mask,0.767934,/scratch/rpinise1/EvoTumor/Residuals/transforms/BDMAP_00176374_to_BDMAP_00161119_spleen.h5
2026-07-14T12:55:12,gpu313_541234,BDMAP_00061747,BDMAP_00062225,prostate,mask,0.818035,/scratch/rpinise1/EvoTumor/Residuals/transforms/BDMAP_00062225_to_BDMAP_00061747_prostate.h5
2026-07-14T12:55:34,gpu313_541234,BDMAP_00180800,BDMAP_00170281,spleen,mask,0.424240,/scratch/rpinise1/EvoTumor/Residuals/transforms/BDMAP_00170281_to_BDMAP_00180800_spleen.h5
2026-07-14T12:56:11,gpu313_541234,BDMAP_00127721,BDMAP_00074897,spleen,mask,0.731279,/scratch/rpinise1/EvoTumor/Residuals/transforms/BDMAP_00074897_to_BDMAP_00127721_spleen.h5
2026-07-14T12:56:59,gpu313_541234,BDMAP_00184636,BDMAP_00179328,stomach,mask,0.258285,/scratch/rpinise1/EvoTumor/Residuals/transforms/BDMAP_00179328_to_BDMAP_00184636_stomach.h5
2026-07-14T12:57:20,gpu313_541234,BDMAP_00184539,BDMAP_00179612,duodenum,mask,0.183700,/scratch/rpinise1/EvoTumor/Residuals/transforms/BDMAP_00179612_to_BDMAP_00184539_duodenum.h5
2026-07-14T12:58:02,gpu313_541234,BDMAP_00056725,BDMAP_00068864,gallbladder,mask,0.350145,/scratch/rpinise1/EvoTumor/Residuals/transforms/BDMAP_00068864_to_BDMAP_00056725_gallbladder.h5
2026-07-14T12:59:12,gpu313_541234,BDMAP_00178329,BDMAP_00182444,stomach,mask,0.602735,/scratch/rpinise1/EvoTumor/Residuals/transforms/BDMAP_00182444_to_BDMAP_00178329_stomach.h5
2026-07-14T12:59:36,gpu313_541234,BDMAP_00184971,BDMAP_00185404,uterus,mask,0.780301,/scratch/rpinise1/EvoTumor/Residuals/transforms/BDMAP_00185404_to_BDMAP_00184971_uterus.h5
2026-07-14T12:59:57,gpu313_541234,BDMAP_00167629,BDMAP_00172925,uterus,mask,0.738110,/scratch/rpinise1/EvoTumor/Residuals/transforms/BDMAP_00172925_to_BDMAP_00167629_uterus.h5
2026-07-14T13:01:09,gpu313_541234,BDMAP_00185239,BDMAP_00176071,duodenum,mask,0.206341,/scratch/rpinise1/EvoTumor/Residuals/transforms/BDMAP_00176071_to_BDMAP_00185239_duodenum.h5
2026-07-14T13:01:26,gpu313_541234,BDMAP_00069528,BDMAP_00056483,gallbladder,mask,0.581435,/scratch/rpinise1/EvoTumor/Residuals/transforms/BDMAP_00056483_to_BDMAP_00069528_gallbladder.h5
2026-07-14T13:01:49,gpu313_541234,BDMAP_00056725,BDMAP_00056879,gallbladder,mask,0.095698,/scratch/rpinise1/EvoTumor/Residuals/transforms/BDMAP_00056879_to_BDMAP_00056725_gallbladder.h5
2026-07-14T13:02:25,gpu313_541234,BDMAP_00183688,BDMAP_00184636,stomach,mask,0.474327,/scratch/rpinise1/EvoTumor/Residuals/transforms/BDMAP_00184636_to_BDMAP_00183688_stomach.h5
2026-07-14T13:02:41,gpu313_541234,BDMAP_00039963,BDMAP_00039437,spleen,mask,0.323649,/scratch/rpinise1/EvoTumor/Residuals/transforms/BDMAP_00039437_to_BDMAP_00039963_spleen.h5
2026-07-14T13:02:58,gpu313_541234,BDMAP_00056483,BDMAP_00069528,gallbladder,mask,0.530007,/scratch/rpinise1/EvoTumor/Residuals/transforms/BDMAP_00069528_to_BDMAP_00056483_gallbladder.h5
2026-07-14T13:04:03,gpu313_541234,BDMAP_00062922,BDMAP_00037061,duodenum,mask,0.737706,/scratch/rpinise1/EvoTumor/Residuals/transforms/BDMAP_00037061_to_BDMAP_00062922_duodenum.h5
2026-07-14T13:04:55,gpu313_541234,BDMAP_00170231,BDMAP_00172832,gallbladder,mask,0.764167,/scratch/rpinise1/EvoTumor/Residuals/transforms/BDMAP_00172832_to_BDMAP_00170231_gallbladder.h5
2026-07-14T13:05:11,gpu313_541234,BDMAP_00062907,BDMAP_00059154,stomach,mask,0.877582,/scratch/rpinise1/EvoTumor/Residuals/transforms/BDMAP_00059154_to_BDMAP_00062907_stomach.h5
2026-07-14T13:05:32,gpu313_541234,BDMAP_00043630,BDMAP_00068864,gallbladder,mask,0.273373,/scratch/rpinise1/EvoTumor/Residuals/transforms/BDMAP_00068864_to_BDMAP_00043630_gallbladder.h5
2026-07-14T13:05:55,gpu313_541234,BDMAP_00059063,BDMAP_00059324,stomach,mask,0.206930,/scratch/rpinise1/EvoTumor/Residuals/transforms/BDMAP_00059324_to_BDMAP_00059063_stomach.h5
2026-07-14T13:06:41,gpu313_541234,BDMAP_00180468,BDMAP_00178337,stomach,mask,0.855214,/scratch/rpinise1/EvoTumor/Residuals/transforms/BDMAP_00178337_to_BDMAP_00180468_stomach.h5
2026-07-14T13:07:02,gpu313_541234,BDMAP_00176071,BDMAP_00178403,duodenum,mask,0.037993,/scratch/rpinise1/EvoTumor/Residuals/transforms/BDMAP_00178403_to_BDMAP_00176071_duodenum.h5
2026-07-14T13:07:47,gpu313_541234,BDMAP_00166029,BDMAP_00179106,bladder,mask,0.458957,/scratch/rpinise1/EvoTumor/Residuals/transforms/BDMAP_00179106_to_BDMAP_00166029_bladder.h5
2026-07-14T13:08:13,gpu313_541234,BDMAP_00131080,BDMAP_00135837,spleen,mask,0.527243,/scratch/rpinise1/EvoTumor/Residuals/transforms/BDMAP_00135837_to_BDMAP_00131080_spleen.h5
2026-07-14T13:08:30,gpu313_541234,BDMAP_00170231,BDMAP_00160737,gallbladder,mask,0.491047,/scratch/rpinise1/EvoTumor/Residuals/transforms/BDMAP_00160737_to_BDMAP_00170231_gallbladder.h5
2026-07-14T13:08:49,gpu313_541234,BDMAP_00174154,BDMAP_00184914,gallbladder,mask,0.088912,/scratch/rpinise1/EvoTumor/Residuals/transforms/BDMAP_00184914_to_BDMAP_00174154_gallbladder.h5
2026-07-14T13:09:21,gpu313_541234,BDMAP_00179735,BDMAP_00185184,bladder,mask,0.295300,/scratch/rpinise1/EvoTumor/Residuals/transforms/BDMAP_00185184_to_BDMAP_00179735_bladder.h5
2026-07-14T13:09:52,gpu313_541234,BDMAP_00062189,BDMAP_00063224,prostate,mask,0.019972,/scratch/rpinise1/EvoTumor/Residuals/transforms/BDMAP_00063224_to_BDMAP_00062189_prostate.h5
2026-07-14T13:10:20,gpu313_541234,BDMAP_00179874,BDMAP_00179106,bladder,mask,0.773783,/scratch/rpinise1/EvoTumor/Residuals/transforms/BDMAP_00179106_to_BDMAP_00179874_bladder.h5
2026-07-14T13:10:39,gpu313_541234,BDMAP_00176071,BDMAP_00185239,duodenum,mask,0.182877,/scratch/rpinise1/EvoTumor/Residuals/transforms/BDMAP_00185239_to_BDMAP_00176071_duodenum.h5
2026-07-14T13:11:04,gpu313_541234,BDMAP_00178337,BDMAP_00185404,stomach,mask,0.729270,/scratch/rpinise1/EvoTumor/Residuals/transforms/BDMAP_00185404_to_BDMAP_00178337_stomach.h5
2026-07-14T13:11:59,gpu313_541234,BDMAP_00179874,BDMAP_00167966,bladder,mask,0.839155,/scratch/rpinise1/EvoTumor/Residuals/transforms/BDMAP_00167966_to_BDMAP_00179874_bladder.h5
2026-07-14T13:13:26,gpu313_541234,BDMAP_00039217,BDMAP_00059593,stomach,mask,0.054465,/scratch/rpinise1/EvoTumor/Residuals/transforms/BDMAP_00059593_to_BDMAP_00039217_stomach.h5
2026-07-14T13:13:47,gpu313_541234,BDMAP_00172925,BDMAP_00167629,uterus,mask,0.658467,/scratch/rpinise1/EvoTumor/Residuals/transforms/BDMAP_00167629_to_BDMAP_00172925_uterus.h5
2026-07-14T13:14:35,gpu313_541234,BDMAP_00185184,BDMAP_00179735,bladder,mask,0.293249,/scratch/rpinise1/EvoTumor/Residuals/transforms/BDMAP_00179735_to_BDMAP_00185184_bladder.h5
2026-07-14T13:14:49,gpu313_541234,BDMAP_00058604,BDMAP_00059237,stomach,mask,0.000866,/scratch/rpinise1/EvoTumor/Residuals/transforms/BDMAP_00059237_to_BDMAP_00058604_stomach.h5
2026-07-14T13:15:12,gpu313_541234,BDMAP_00166029,BDMAP_00179874,bladder,mask,0.506473,/scratch/rpinise1/EvoTumor/Residuals/transforms/BDMAP_00179874_to_BDMAP_00166029_bladder.h5
2026-07-14T13:15:36,gpu313_541234,BDMAP_00166029,BDMAP_00167966,bladder,mask,0.518129,/scratch/rpinise1/EvoTumor/Residuals/transforms/BDMAP_00167966_to_BDMAP_00166029_bladder.h5
2026-07-14T13:15:59,gpu313_541234,BDMAP_00177768,BDMAP_00185116,gallbladder,mask,0.503817,/scratch/rpinise1/EvoTumor/Residuals/transforms/BDMAP_00185116_to_BDMAP_00177768_gallbladder.h5
2026-07-14T13:16:14,gpu313_541234,BDMAP_00184032,BDMAP_00184452,stomach,mask,0.200869,/scratch/rpinise1/EvoTumor/Residuals/transforms/BDMAP_00184452_to_BDMAP_00184032_stomach.h5
2026-07-14T13:16:42,gpu313_541234,BDMAP_00179227,BDMAP_00177276,duodenum,mask,0.244268,/scratch/rpinise1/EvoTumor/Residuals/transforms/BDMAP_00177276_to_BDMAP_00179227_duodenum.h5
2026-07-14T13:17:32,gpu313_541234,BDMAP_00167966,BDMAP_00179106,gallbladder,mask,0.269854,/scratch/rpinise1/EvoTumor/Residuals/transforms/BDMAP_00179106_to_BDMAP_00167966_gallbladder.h5
2026-07-14T13:17:46,gpu313_541234,BDMAP_00058337,BDMAP_00058743,stomach,mask,0.698071,/scratch/rpinise1/EvoTumor/Residuals/transforms/BDMAP_00058743_to_BDMAP_00058337_stomach.h5
2026-07-14T13:18:17,gpu313_541234,BDMAP_00063224,BDMAP_00062189,prostate,mask,0.015324,/scratch/rpinise1/EvoTumor/Residuals/transforms/BDMAP_00062189_to_BDMAP_00063224_prostate.h5
2026-07-14T13:19:11,gpu313_541234,BDMAP_00059154,BDMAP_00058988,stomach,mask,0.424162,/scratch/rpinise1/EvoTumor/Residuals/transforms/BDMAP_00058988_to_BDMAP_00059154_stomach.h5
2026-07-14T13:20:17,gpu313_541234,BDMAP_00183713,BDMAP_00172832,gallbladder,mask,0.806015,/scratch/rpinise1/EvoTumor/Residuals/transforms/BDMAP_00172832_to_BDMAP_00183713_gallbladder.h5
2026-07-14T13:20:58,gpu313_541234,BDMAP_00039217,BDMAP_00058666,stomach,mask,0.004677,/scratch/rpinise1/EvoTumor/Residuals/transforms/BDMAP_00058666_to_BDMAP_00039217_stomach.h5
2026-07-14T13:22:13,gpu313_541234,BDMAP_00043630,BDMAP_00056725,gallbladder,mask,0.812873,/scratch/rpinise1/EvoTumor/Residuals/transforms/BDMAP_00056725_to_BDMAP_00043630_gallbladder.h5
2026-07-14T13:22:31,gpu313_541234,BDMAP_00062306,BDMAP_00063022,duodenum,mask,0.503477,/scratch/rpinise1/EvoTumor/Residuals/transforms/BDMAP_00063022_to_BDMAP_00062306_duodenum.h5
2026-07-14T13:22:51,gpu313_541234,BDMAP_00185116,BDMAP_00177768,gallbladder,mask,0.325926,/scratch/rpinise1/EvoTumor/Residuals/transforms/BDMAP_00177768_to_BDMAP_00185116_gallbladder.h5
2026-07-14T13:23:10,gpu313_541234,BDMAP_00044109,BDMAP_00040598,spleen,mask,0.195368,/scratch/rpinise1/EvoTumor/Residuals/transforms/BDMAP_00040598_to_BDMAP_00044109_spleen.h5
2026-07-14T13:25:34,gpu313_541234,BDMAP_00056879,BDMAP_00056725,gallbladder,mask,0.118245,/scratch/rpinise1/EvoTumor/Residuals/transforms/BDMAP_00056725_to_BDMAP_00056879_gallbladder.h5
2026-07-14T13:25:48,gpu313_541234,BDMAP_00056218,BDMAP_00056315,gallbladder,mask,0.489896,/scratch/rpinise1/EvoTumor/Residuals/transforms/BDMAP_00056315_to_BDMAP_00056218_gallbladder.h5
2026-07-14T13:26:09,gpu313_541234,BDMAP_00185239,BDMAP_00178403,duodenum,mask,0.541497,/scratch/rpinise1/EvoTumor/Residuals/transforms/BDMAP_00178403_to_BDMAP_00185239_duodenum.h5
2026-07-14T13:28:48,gpu313_541234,BDMAP_00056305,BDMAP_00069426,gallbladder,mask,0.324048,/scratch/rpinise1/EvoTumor/Residuals/transforms/BDMAP_00069426_to_BDMAP_00056305_gallbladder.h5
2026-07-14T13:29:38,gpu313_541234,BDMAP_00132926,BDMAP_00133259,spleen,mask,0.651406,/scratch/rpinise1/EvoTumor/Residuals/transforms/BDMAP_00133259_to_BDMAP_00132926_spleen.h5
2026-07-14T13:29:56,gpu313_541234,BDMAP_00056725,BDMAP_00069392,gallbladder,mask,0.019058,/scratch/rpinise1/EvoTumor/Residuals/transforms/BDMAP_00069392_to_BDMAP_00056725_gallbladder.h5
2026-07-14T13:30:44,gpu313_541234,BDMAP_00179822,BDMAP_00181437,stomach,mask,0.043395,/scratch/rpinise1/EvoTumor/Residuals/transforms/BDMAP_00181437_to_BDMAP_00179822_stomach.h5
2026-07-14T13:31:22,gpu313_541234,BDMAP_00056879,BDMAP_00068864,gallbladder,mask,0.034382,/scratch/rpinise1/EvoTumor/Residuals/transforms/BDMAP_00068864_to_BDMAP_00056879_gallbladder.h5
2026-07-14T13:32:03,gpu313_541234,BDMAP_00060916,BDMAP_00062189,prostate,mask,0.711026,/scratch/rpinise1/EvoTumor/Residuals/transforms/BDMAP_00062189_to_BDMAP_00060916_prostate.h5
2026-07-14T13:32:25,gpu313_541234,BDMAP_00183688,BDMAP_00173865,stomach,mask,0.784570,/scratch/rpinise1/EvoTumor/Residuals/transforms/BDMAP_00173865_to_BDMAP_00183688_stomach.h5
2026-07-14T13:32:40,gpu313_541234,BDMAP_00184032,BDMAP_00177171,stomach,mask,0.053416,/scratch/rpinise1/EvoTumor/Residuals/transforms/BDMAP_00177171_to_BDMAP_00184032_stomach.h5
2026-07-14T13:32:59,gpu313_541234,BDMAP_00175904,BDMAP_00185239,duodenum,mask,0.424554,/scratch/rpinise1/EvoTumor/Residuals/transforms/BDMAP_00185239_to_BDMAP_00175904_duodenum.h5
2026-07-14T13:33:20,gpu313_541234,BDMAP_00175904,BDMAP_00175436,duodenum,mask,0.151304,/scratch/rpinise1/EvoTumor/Residuals/transforms/BDMAP_00175436_to_BDMAP_00175904_duodenum.h5
2026-07-14T13:33:33,gpu313_541234,BDMAP_00042099,BDMAP_00069528,gallbladder,mask,0.485083,/scratch/rpinise1/EvoTumor/Residuals/transforms/BDMAP_00069528_to_BDMAP_00042099_gallbladder.h5
2026-07-14T13:34:19,gpu313_541234,BDMAP_00172796,BDMAP_00166738,prostate,mask,0.087940,/scratch/rpinise1/EvoTumor/Residuals/transforms/BDMAP_00166738_to_BDMAP_00172796_prostate.h5
2026-07-14T13:35:00,gpu313_541234,BDMAP_00175821,BDMAP_00160764,bladder,mask,0.103943,/scratch/rpinise1/EvoTumor/Residuals/transforms/BDMAP_00160764_to_BDMAP_00175821_bladder.h5
2026-07-14T13:35:23,gpu313_541234,BDMAP_00171692,BDMAP_00167725,stomach,mask,0.042642,/scratch/rpinise1/EvoTumor/Residuals/transforms/BDMAP_00167725_to_BDMAP_00171692_stomach.h5
2026-07-14T13:35:37,gpu313_541234,BDMAP_00039437,BDMAP_00042309,spleen,mask,0.313750,/scratch/rpinise1/EvoTumor/Residuals/transforms/BDMAP_00042309_to_BDMAP_00039437_spleen.h5
2026-07-14T13:36:24,gpu313_541234,BDMAP_00172832,BDMAP_00160737,gallbladder,mask,0.478758,/scratch/rpinise1/EvoTumor/Residuals/transforms/BDMAP_00160737_to_BDMAP_00172832_gallbladder.h5
2026-07-14T13:36:39,gpu313_541234,BDMAP_00069231,BDMAP_00069443,gallbladder,mask,0.065963,/scratch/rpinise1/EvoTumor/Residuals/transforms/BDMAP_00069443_to_BDMAP_00069231_gallbladder.h5
2026-07-14T13:37:21,gpu313_541234,BDMAP_00175436,BDMAP_00176071,duodenum,mask,0.136947,/scratch/rpinise1/EvoTumor/Residuals/transforms/BDMAP_00176071_to_BDMAP_00175436_duodenum.h5
2026-07-14T13:37:41,gpu313_541234,BDMAP_00068864,BDMAP_00069392,gallbladder,mask,0.004723,/scratch/rpinise1/EvoTumor/Residuals/transforms/BDMAP_00069392_to_BDMAP_00068864_gallbladder.h5
2026-07-14T13:38:03,gpu313_541234,BDMAP_00178403,BDMAP_00175904,duodenum,mask,0.204655,/scratch/rpinise1/EvoTumor/Residuals/transforms/BDMAP_00175904_to_BDMAP_00178403_duodenum.h5
2026-07-14T13:38:57,gpu313_541234,BDMAP_00179106,BDMAP_00167966,gallbladder,mask,0.299041,/scratch/rpinise1/EvoTumor/Residuals/transforms/BDMAP_00167966_to_BDMAP_00179106_gallbladder.h5
2026-07-14T13:39:46,gpu313_541234,BDMAP_00184572,BDMAP_00168378,spleen,mask,0.507042,/scratch/rpinise1/EvoTumor/Residuals/transforms/BDMAP_00168378_to_BDMAP_00184572_spleen.h5
2026-07-14T13:40:35,gpu313_541234,BDMAP_00056483,BDMAP_00069231,gallbladder,mask,0.000709,/scratch/rpinise1/EvoTumor/Residuals/transforms/BDMAP_00069231_to_BDMAP_00056483_gallbladder.h5
2026-07-14T10:39:34,gpu313_541234,BDMAP_00061944,BDMAP_00036466,prostate,no_mask,0.024988,/scratch/rpinise1/EvoTumor/Residuals/transforms/BDMAP_00036466_to_BDMAP_00061944_prostate.h5
2026-07-14T10:41:01,gpu313_541234,BDMAP_00168378,BDMAP_00176361,spleen,no_mask,0.001487,/scratch/rpinise1/EvoTumor/Residuals/transforms/BDMAP_00176361_to_BDMAP_00168378_spleen.h5
2026-07-14T10:44:33,gpu313_541234,BDMAP_00061864,BDMAP_00061678,prostate,no_mask,0.004390,/scratch/rpinise1/EvoTumor/Residuals/transforms/BDMAP_00061678_to_BDMAP_00061864_prostate.h5
2026-07-14T10:45:37,gpu313_541234,BDMAP_00036466,BDMAP_00061944,prostate,no_mask,0.024988,/scratch/rpinise1/EvoTumor/Residuals/transforms/BDMAP_00061944_to_BDMAP_00036466_prostate.h5
2026-07-14T11:39:46,gpu313_541234,BDMAP_00036555,BDMAP_00061916,prostate,no_mask,0.001390,/scratch/rpinise1/EvoTumor/Residuals/transforms/BDMAP_00061916_to_BDMAP_00036555_prostate.h5
2026-07-14T11:41:56,gpu313_541234,BDMAP_00062225,BDMAP_00061743,prostate,no_mask,0.021756,/scratch/rpinise1/EvoTumor/Residuals/transforms/BDMAP_00061743_to_BDMAP_00062225_prostate.h5
2026-07-14T11:45:15,gpu313_541234,BDMAP_00179949,BDMAP_00166565,stomach,no_mask,0.164168,/scratch/rpinise1/EvoTumor/Residuals/transforms/BDMAP_00166565_to_BDMAP_00179949_stomach.h5
2026-07-14T11:49:48,gpu313_541234,BDMAP_00059593,BDMAP_00058666,stomach,no_mask,0.033825,/scratch/rpinise1/EvoTumor/Residuals/transforms/BDMAP_00058666_to_BDMAP_00059593_stomach.h5
2026-07-14T11:53:46,gpu313_541234,BDMAP_00063184,BDMAP_00044126,duodenum,no_mask,0.000300,/scratch/rpinise1/EvoTumor/Residuals/transforms/BDMAP_00044126_to_BDMAP_00063184_duodenum.h5
2026-07-14T11:55:20,gpu313_541234,BDMAP_00069443,BDMAP_00042099,gallbladder,no_mask,0.006375,/scratch/rpinise1/EvoTumor/Residuals/transforms/BDMAP_00042099_to_BDMAP_00069443_gallbladder.h5
2026-07-14T12:03:38,gpu313_541234,BDMAP_00061743,BDMAP_00062225,prostate,no_mask,0.022047,/scratch/rpinise1/EvoTumor/Residuals/transforms/BDMAP_00062225_to_BDMAP_00061743_prostate.h5
2026-07-14T12:05:48,gpu313_541234,BDMAP_00040739,BDMAP_00056483,gallbladder,no_mask,0.176641,/scratch/rpinise1/EvoTumor/Residuals/transforms/BDMAP_00056483_to_BDMAP_00040739_gallbladder.h5
2026-07-14T12:10:23,gpu313_541234,BDMAP_00183462,BDMAP_00179901,gallbladder,no_mask,0.255748,/scratch/rpinise1/EvoTumor/Residuals/transforms/BDMAP_00179901_to_BDMAP_00183462_gallbladder.h5
2026-07-14T12:26:02,gpu313_541234,BDMAP_00056768,BDMAP_00069404,gallbladder,no_mask,0.272910,/scratch/rpinise1/EvoTumor/Residuals/transforms/BDMAP_00069404_to_BDMAP_00056768_gallbladder.h5
2026-07-14T12:31:12,gpu313_541234,BDMAP_00042099,BDMAP_00069443,gallbladder,no_mask,0.007890,/scratch/rpinise1/EvoTumor/Residuals/transforms/BDMAP_00069443_to_BDMAP_00042099_gallbladder.h5
2026-07-14T12:34:57,gpu313_541234,BDMAP_00061916,BDMAP_00036555,prostate,no_mask,0.001390,/scratch/rpinise1/EvoTumor/Residuals/transforms/BDMAP_00036555_to_BDMAP_00061916_prostate.h5
2026-07-14T12:36:26,gpu313_541234,BDMAP_00176361,BDMAP_00168378,spleen,no_mask,0.001487,/scratch/rpinise1/EvoTumor/Residuals/transforms/BDMAP_00168378_to_BDMAP_00176361_spleen.h5
2026-07-14T12:47:06,gpu313_541234,BDMAP_00179901,BDMAP_00183462,gallbladder,no_mask,0.264875,/scratch/rpinise1/EvoTumor/Residuals/transforms/BDMAP_00183462_to_BDMAP_00179901_gallbladder.h5
2026-07-14T12:48:04,gpu313_541234,BDMAP_00061743,BDMAP_00061747,prostate,no_mask,0.008907,/scratch/rpinise1/EvoTumor/Residuals/transforms/BDMAP_00061747_to_BDMAP_00061743_prostate.h5
2026-07-14T12:51:52,gpu313_541234,BDMAP_00166236,BDMAP_00175815,duodenum,no_mask,0.126731,/scratch/rpinise1/EvoTumor/Residuals/transforms/BDMAP_00175815_to_BDMAP_00166236_duodenum.h5
2026-07-14T12:55:56,gpu313_541234,BDMAP_00166565,BDMAP_00179949,stomach,no_mask,0.167711,/scratch/rpinise1/EvoTumor/Residuals/transforms/BDMAP_00179949_to_BDMAP_00166565_stomach.h5
2026-07-14T12:58:24,gpu313_541234,BDMAP_00061678,BDMAP_00061864,prostate,no_mask,0.004390,/scratch/rpinise1/EvoTumor/Residuals/transforms/BDMAP_00061864_to_BDMAP_00061678_prostate.h5
2026-07-14T13:03:42,gpu313_541234,BDMAP_00175815,BDMAP_00166236,duodenum,no_mask,0.115132,/scratch/rpinise1/EvoTumor/Residuals/transforms/BDMAP_00166236_to_BDMAP_00175815_duodenum.h5
2026-07-14T13:04:17,gpu313_541234,BDMAP_00069231,BDMAP_00042099,gallbladder,no_mask,0.003114,/scratch/rpinise1/EvoTumor/Residuals/transforms/BDMAP_00042099_to_BDMAP_00069231_gallbladder.h5
2026-07-14T13:08:54,gpu313_541234,BDMAP_00061747,BDMAP_00061743,prostate,no_mask,0.012996,/scratch/rpinise1/EvoTumor/Residuals/transforms/BDMAP_00061743_to_BDMAP_00061747_prostate.h5
2026-07-14T13:18:01,gpu313_541234,BDMAP_00042099,BDMAP_00069231,gallbladder,no_mask,0.001370,/scratch/rpinise1/EvoTumor/Residuals/transforms/BDMAP_00069231_to_BDMAP_00042099_gallbladder.h5
2026-07-14T13:23:37,gpu313_541234,BDMAP_00176361,BDMAP_00184572,spleen,no_mask,0.031658,/scratch/rpinise1/EvoTumor/Residuals/transforms/BDMAP_00184572_to_BDMAP_00176361_spleen.h5
2026-07-14T13:24:05,gpu313_541234,BDMAP_00069404,BDMAP_00056768,gallbladder,no_mask,0.266164,/scratch/rpinise1/EvoTumor/Residuals/transforms/BDMAP_00056768_to_BDMAP_00069404_gallbladder.h5
2026-07-14T13:25:13,gpu313_541234,BDMAP_00058666,BDMAP_00059593,stomach,no_mask,0.033825,/scratch/rpinise1/EvoTumor/Residuals/transforms/BDMAP_00059593_to_BDMAP_00058666_stomach.h5
2026-07-14T13:34:03,gpu313_541234,BDMAP_00184572,BDMAP_00176361,spleen,no_mask,0.031652,/scratch/rpinise1/EvoTumor/Residuals/transforms/BDMAP_00176361_to_BDMAP_00184572_spleen.h5
2026-07-14T13:37:02,gpu313_541234,BDMAP_00056483,BDMAP_00040739,gallbladder,no_mask,0.022680,/scratch/rpinise1/EvoTumor/Residuals/transforms/BDMAP_00040739_to_BDMAP_00056483_gallbladder.h5